Actors Rakul Preet Singh and Jackky Bhagnani will get married on Feb 21 in an intimate ceremony in Goa. They recently kicked off their wedding festivities with a dhol night at Bhagnani's residence. The two initially planned to have their wedding in the Middle East but changed their plans after PM Modi's call to choose India as the venue for big life events.,"['Rakul Preet Singh', 'Jackky Bhagnani', 'Goa', ""Bhagnani's Residence""]","['Person', 'Person', 'Location', 'Location']","['Actress', 'Actor', 'State', 'House']","[['Getting Married on Feb 21', 'Intimate Ceremony in Goa'], ['Getting Married on Feb 21', 'Intimate Ceremony in Goa'], [], []]","['Rakul Preet Singh', 'Rakul Preet Singh', 'Jackky Bhagnani', 'Rakul Preet Singh', 'Jackky Bhagnani']","['Jackky Bhagnani', 'Goa', 'Goa', ""Bhagnani's Residence"", ""Bhagnani's Residence""]","['Future Spouse', 'Marriage Location', 'Marriage Location', 'Wedding Festivities', 'Wedding Festivities']",,,,,,,,,,,,,,
"TV actress Kavita Chaudhary died after suffering a heart attack at the age of 67. She is known for her role as an IPS officer in Doordarshan's 'Udaan'. Chaudhary gained popularity through various TV shows and was the sister of Kanchan Bhattacharya, the 2nd woman IPS officer in India. She had cancer a few years ago but did not want people to know about it.","['Kavita Chaudhary', ""Doordarshan's 'Udaan'"", 'Kanchan Bhattacharya']","['Person', 'Entertainment', 'Person']","['TV Actress', 'TV Show', 'Police Officer']","[['IPS Officer in Udaan', 'had cancer', 'died due to Heart Attack', 'age 67'], [], ['2nd Woman IPS Officer in India', 'sister of Kavita Chaudhary']]","['Kavita Chaudhary', 'Kavita Chaudhary']","[""Doordarshan's 'Udaan'"", 'Kanchan Bhattacharya']","['Played Role In', 'Sister']",,,,,,,,,,,,,,
"Meryl Streep is confirmed to return for the fourth season of 'Only Murders in the Building' as Broadway star Loretta Durkin. Molly Shannon will also join the cast, while Jesse Williams's return is uncertain. Jane Lynch's character, Sazz Pataki, may appear in flashbacks. The upcoming season will focus on the group searching for answers about Sazz's murder.","['Meryl Streep', 'Molly Shannon', 'Jesse Williams', 'Jane Lynch']","['Person', 'Person', 'Person', 'Person']","['Actress', 'Actress', 'Actor', 'Actress']","[['Broadway star Loretta Durkin'], [], ['return is uncertain'], ['character, Sazz Pataki, may appear in flashbacks']]","['Meryl Streep', 'Molly Shannon', 'Jesse Williams', 'Jane Lynch', 'Only Murders in the Building']","['Only Murders in the Building', 'Only Murders in the Building', 'Only Murders in the Building', 'Only Murders in the Building', 'Sazz Pataki']","['Returns for Season 4', 'Joins Cast', 'Return is uncertain', 'May appear in flashbacks', 'Focuses on search for answers about murder']",,,,,,,,,,,,,,
--,"['Robert Downey Jr.', 'Iron Man', 'Marvel Cinematic Universe']","['Person', 'Entertainment', 'Entertainment']","['Actor', 'Movie Franchise', 'Movie Series']","[[], [], []]","['Robert Downey Jr.', 'Iron Man']","['Iron Man', 'Marvel Cinematic Universe']","['Played Character', 'Part Of']",,,,,,,,,,,,,,
"Actor-singer Aditya Narayan has been in the spotlight for negative reasons as he was seen hitting a fan's hand during a concert and throwing his phone. After the incident, the fan claimed that he was hit for no reason. However, a video on social media shows the fan happily receiving a new phone from his college, where the concert took place.","['Aditya Narayan', 'Fan', 'Concert']","['Person', 'Person', 'Event']","['Actor-Singer', 'Audience Member', 'Music Concert']","[[""hit fan's hand"", 'threw phone'], ['received new phone'], []]","['Aditya Narayan', 'Aditya Narayan', 'College']","['Fan', 'Phone', 'Fan']","['Hit', 'Threw', 'Gave New Phone']",,,,,,,,,,,,,,
"Huma Qureshi criticized trolling culture in reaction to Deepika Padukone revealing she dated other men while with Ranveer Singh. Huma responded with, ""Ab kya bol sakte hai, kuch nahi bol sakte hain (What can we say now, we cannot saying anything). Ridiculous. Be normal about it (dating people) Like what is the problem?,"" the actress said in an interview.","['Huma Qureshi', 'Deepika Padukone', 'Ranveer Singh']","['Person', 'Person', 'Person']","['Actress', 'Actress', 'Actor']","[['criticized trolling culture'], ['dated other men'], []]","['Huma Qureshi', 'Deepika Padukone', 'Deepika Padukone']","['trolling culture', 'Huma Qureshi', 'Ranveer Singh']","['criticized', 'reaction to', 'dated']",,,,,,,,,,,,,,
"Amitabh Bachchan celebrates 55 years in Indian cinema with an AI-generated image. Celebrities have showered love on the post, with daughter Shweta Bachchan praising it. Bachchan declares that he self-made the AI portraits. The iconic actor has given Bollywood numerous hits & has been honored with multiple Padma awards for his contributions to Indian cinema.","['Amitabh Bachchan', 'Shweta Bachchan', 'AI-generated image']","['Person', 'Person', 'Artwork']","['Actor', 'Daughter', 'Digital Art']","[['55 years in Indian cinema', 'numerous hits', 'multiple Padma awards'], ['praised AI generated image'], []]","['Amitabh Bachchan', 'Amitabh Bachchan']","['AI-generated image', 'Shweta Bachchan']","['Created by', 'Father']",,,,,,,,,,,,,,
"Actress Anjana Bhowmick passed away at 79 after being critically ill. She made her debut with 'Anustup Chhanda' in 1964 and starred alongside acting legend Uttam Kumar in several films. Bhowmick shared screen space with Kumar in 'Chowringhee', 'Kokhono Megh', Nayika Sangbad, 'Roudro Chhaya', 'Raj Drohi.' Her legacy lives on through her timeless performances.","['Anjana Bhowmick', 'Uttam Kumar', 'Anustup Chhanda', 'Chowringhee', 'Kokhono Megh', 'Nayika Sangbad', 'Roudro Chhaya', 'Raj Drohi']","['Person', 'Person', 'Entertainment', 'Entertainment', 'Entertainment', 'Entertainment', 'Entertainment', 'Entertainment']","['Actress', 'Actor', 'Film', 'Film', 'Film', 'Film', 'Film', 'Film']","[[""debut with 'Anustup Chhanda'"", 'passed away at 79', 'critically ill', 'shared screen space with Uttam Kumar in several films'], [], ['debut film of Anjana Bhowmick'], [], [], [], [], []]","['Anjana Bhowmick', 'Anjana Bhowmick', 'Anjana Bhowmick', 'Anjana Bhowmick', 'Anjana Bhowmick', 'Anjana Bhowmick', 'Anjana Bhowmick']","['Anustup Chhanda', 'Uttam Kumar', 'Chowringhee', 'Kokhono Megh', 'Nayika Sangbad', 'Roudro Chhaya', 'Raj Drohi']","['Debut Film', 'co-actor', 'Starred In', 'Starred In', 'Starred In', 'Starred In', 'Starred In']",,,,,,,,,,,,,,
"Dangal' actor Suhani Bhatnagar, known for her role as Babita Phogat, passed away at the age of 19 due to fluid accumulation in her body. According to a report, she had taken medication for a leg injury that caused this side effect. was admitted to Delhi's AIIMS hospital for quite some time for treatment. Bhatnagar will be cremated on Saturday in Faridabad.",['Suhani Bhatnagar'],['Person'],['Actress'],"[['died at age 19', 'role as Babita Phogat', ""admitted to Delhi's AIIMS hospital"", 'to be cremated on Saturday in Faridabad']]","['Suhani Bhatnagar', 'Suhani Bhatnagar']","[""Delhi's AIIMS hospital"", 'Faridabad']","['Admitted', 'To be cremated']",,,,,,,,,,,,,,
"Rakul Preet Singh and Jackky Bhagnani are set to get married on February 21, 2024, in an intimate and eco-friendly beach-side ceremony in Goa. They recently sought blessings at the Siddhivinayak temple ahead of their wedding. Singh stunned in a green sharara worth ‚Çπ1.28 lakhs for her first wedding festivity. The couple has opted for a unique wedding.","['Rakul Preet Singh', 'Jackky Bhagnani', 'February 21, 2024', 'Goa', 'Siddhivinayak temple', 'Unique Wedding']","['Person', 'Person', 'Date', 'Location', 'Location', 'Event']","['Actress', 'Actor', 'Event', 'State', 'Religious Place', 'Wedding']","[['Green Sharara Worth 1.28 Lakhs'], [], [], [], [], []]","['Rakul Preet Singh', 'Rakul Preet Singh', 'Rakul Preet Singh', 'Rakul Preet Singh', 'Rakul Preet Singh']","['Jackky Bhagnani', 'Siddhivinayak temple', 'Goa', 'February 21, 2024', 'Unique Wedding']","['Getting Married', 'Seeking Blessings', 'Marriage Location', 'Marriage Date', 'Having Unique Wedding']",,,,,,,,,,,,,,
"Dangal' actress Suhani Bhatnagar's tragic death was caused by a rare condition called Dermatomyositis, according to her parents. Dermatomyositis causes muscle inflammation. Bhatnagar began experiencing swelling in her hand which then spread to the other parts.The treatment for the illness was only steroids that led to a weakened immunity system & infection.","['Suhani Bhatnagar', 'Dermatomyositis']","['Person', 'Health Condition']","['Actress', 'Illness']","[['died due to dermatomyositis'], ['causes muscle inflammation']]",['Suhani Bhatnagar'],['Dermatomyositis'],['Suffered from'],,,,,,,,,,,,,,
"Director Rajkumar Santoshi has been sentenced to two years in jail and fined for a cheque bounce case. The penalty is said to be double the amount of the bounced cheque. The verdict came after a local businessman filed a complaint against Santoshi for not returning the borrowed sum of ‚Çπ1 crore. Santoshi had given 10 advance cheques, all of which bounced.","['Rajkumar Santoshi', 'Local Businessman']","['Person', 'Organization']","['Director', 'Businessman']","[['sentenced to 2 years in jail', 'fined for cheque bounce case', 'borrowed ₹1 crore'], ['filed complaint against Santoshi']]","['Rajkumar Santoshi', 'Rajkumar Santoshi']","['Local Businessman', 'Local Businessman']","['Borrowed money from', ""Didn't return borrowed money""]",,,,,,,,,,,,,,
"Actresses Rashmika Mandanna & Shraddha Das had a frightening experience when their Mumbai to Hyderabad flight had to make an emergency landing due to technical issues. Mandanna shared a selfie with Das, ""Just FYI, this is how we escaped death today."" In the photo, both can be seen trying to sit upright & maintain their balance with the support of their feet.","['Rashmika Mandanna', 'Shraddha Das', 'Hyderabad']","['Person', 'Person', 'Location']","['Actress', 'Actress', 'City']","[['had a frightening experience', 'made an emergency landing'], ['had a frightening experience', 'made an emergency landing'], []]","['Rashmika Mandanna', 'Rashmika Mandanna', 'Shraddha Das']","['Shraddha Das', 'Hyderabad', 'Hyderabad']","['Travel companion', 'Destination', 'Destination']",,,,,,,,,,,,,,
The Jamnagar Court has allowed filmmaker Rajkumar Santoshi a 30-day stay on an order to appeal the order. This allows the director to challenge the verdict in a higher court. He was sentenced to 2 years imprisonment by the court in a cheque bounce case. Santoshi's lawyer Binesh Patel said his client will be moving against the magisterial court's judgement.,"['Rajkumar Santoshi', 'Jamnagar Court', 'Binesh Patel']","['Person', 'Location', 'Person']","['Filmmaker', 'Court', 'Lawyer']","[['sentenced to 2 years imprisonment by the court in a cheque bounce case'], [], ['representing rajkumar santoshi']]","['Rajkumar Santoshi', 'Rajkumar Santoshi']","['Jamnagar Court', 'Binesh Patel']","['Sentenced by', 'Represented by']",,,,,,,,,,,,,,
"Shah Rukh Khan has had a successful year with three blockbusters in 2023. At the World‚Äôs Government Summit, he discussed why he hasn't done a crossover film yet. A video of American wrestler John Cena singing a song from a Bollywood film has sparked rumors of a collaboration with SRK. Fans are hoping to see the two stars come together for a film soon.","['Shah Rukh Khan', ""World's Government Summit"", 'John Cena', 'Bollywood Film']","['Person', 'Event', 'Person', 'Entertainment']","['Actor', 'Conference', 'Wrestler', 'Film']","[['Three Blockbusters in 2023'], [], [], []]","['Shah Rukh Khan', 'Shah Rukh Khan', 'John Cena']","[""World's Government Summit"", 'John Cena', 'Bollywood Film']","['Attended', 'Rumored Collaboration', 'Sung Song']",,,,,,,,,,,,,,
"Actor Varun Dhawan announced on Instagram that he and his wife Natasha Dalal are expecting their first baby. The announcement photo shows Varun kissing Natasha's baby bump while their pet dog sits beside them. ""We are pregnant. Need all your blessings and love,"" the caption read. Celebrities like Sonam Kapoor and Karan Johar congratulated the couple.",Error parsing JSON:,Expecting property name enclosed in double quotes: line 1 column 326 (char 325),and Headline Number is:,15,,,,,,,,,,,,,,,,,
"Shark Tank India' judge and founder of shaadi.com Anupam Mittal shared his entrepreneurial journey, revealing struggles of how he starved for three days due to financial difficulties. ""About 20 of us were living in the same house. Some were sleeping on the dining table, others under it"", he said. Despite the hardships, he became a millionaire in his 20s.",['Anupam Mittal'],['Person'],['Entrepreneur'],"[['Founder of shaadi.com', ""Shark Tank India' judge"", 'struggled financially', 'became a millionaire in his 20s']]","['Anupam Mittal', 'Anupam Mittal']","['shaadi.com', 'Shark Tank India']","['Founder', 'Judge']",,,,,,,,,,,,,,
"Deepika Padukone stunned in a shimmery gold saree as she prepared to present an award at the BAFTA ceremony. The outfit was created by designer Sabyasachi. Fans praised her for choosing to wear a saree, with one saying, ‚ÄúDeepika proves dil hai Hindustani.‚Äù She will be walking the red carpet alongside other presenters like Cate Blanchett and Chiwetel Ejiofor.","['Deepika Padukone', 'BAFTA ceremony', 'Sabyasachi']","['Person', 'Event', 'Organization']","['Actress', 'Award Ceremony', 'Designer']","[['wearing a shimmery gold saree', 'presenting an award at the BAFTA ceremony', 'walking the red carpet alongside other presenters like Cate Blanchett and Chiwetel Ejiofor'], [], ['created the outfit']]","['Deepika Padukone', 'Deepika Padukone', 'Deepika Padukone', 'Fans']","['shimmery gold saree', 'BAFTA ceremony', 'Sabyasachi', 'Deepika Padukone']","['Wore', 'Presenting an award', 'Created by', 'Praised']",,,,,,,,,,,,,,
"Maisie Williams, known for her role as Arya Stark in ‚ÄòGame of Thrones‚Äô, opened up about the personal challenges of early fame, during an interview with The Sunday Times in London on Sunday. ""I was so lost for so long, and I knew that I was, and when I couldn't pin down what I felt my identity was within that, it brought me a lot of discomfort,"" she said.",['Maisie Williams'],['Person'],['Actress'],"[['known for role as Arya stark in Game of thrones', 'personal challenges of early fame']]",[],[],[],,,,,,,,,,,,,,
"Christopher Nolan's 'Oppenheimer' ruled the BAFTA Film Awards 2024 with 7 wins, while 'Poor Things' took home 5 BAFTAs. The ceremony was held at Royal Festival Hall. 'The Zone of Interest' won Outstanding British Film. Cillian Murphy and Robert Downey Jr. also took home acting awards. The ceremony honored a diverse range of films and talent in the industry.","['Christopher Nolan', ""'Oppenheimer'"", 'Royal Festival Hall', 'BAFTA Film Awards 2024', 'Poor Things', 'The Zone of Interest', 'Cillian Murphy', 'Robert Downey Jr.']","['Person', 'Entertainment', 'Location', 'Event', 'Entertainment', 'Entertainment', 'Person', 'Person']","['Director', 'Movie', 'Venue', 'Awards Ceremony', 'Movie', 'Movie', 'Actor', 'Actor']","[['7 wins at BAFTA Film Awards 2024'], ['7 wins at BAFTA Film Awards 2024'], [], [], ['5 BAFTAs'], ['Outstanding British Film'], ['Won acting award'], ['Won acting award']]","['Christopher Nolan', ""'Oppenheimer'"", 'Poor Things', 'The Zone of Interest', 'Cillian Murphy', 'Robert Downey Jr.', 'BAFTA Film Awards 2024']","[""'Oppenheimer'"", 'BAFTA Film Awards 2024', 'BAFTA Film Awards 2024', 'BAFTA Film Awards 2024', 'BAFTA Film Awards 2024', 'BAFTA Film Awards 2024', 'Royal Festival Hall']","['Director', 'Winner', 'Winner', 'Winner', 'Winner', 'Winner', 'Hosted']",,,,,,,,,,,,,,
"Deepika Padukone presented the award for Best Film Not In The English Language at the BAFTAs, won by 'The Zone Of Interest'. ""From the Alps to the Andes, Southern Poland to Seoul, the nominees are...and the BAFTA goes to The Zone Of Interest"", said Padukone. Christopher Nolan's Oppenheimer and Poor Things were the big winners of the night.","['Deepika Padukone', 'The Zone Of Interest', 'Christopher Nolan', 'Oppenheimer', 'Poor Things']","['Person', 'Entertainment', 'Person', 'Entertainment', 'Entertainment']","['Actress', 'Movie', 'Director', 'Movie', 'Movie']","[['Presenter of Best Film Not In The English Language'], ['Winner of Best Film Not In The English Language'], [], [], []]","['Deepika Padukone', 'The Zone Of Interest', 'Christopher Nolan', 'Christopher Nolan']","['The Zone Of Interest', 'BAFTAs', 'Oppenheimer', 'Poor Things']","['Presenter', 'Won', 'Director', 'Director']",,,,,,,,,,,,,,
"Anushka Sen opened up about her positive working experience with former Indian Cricket Team captain, MS Dhoni. She described him as respectful and kind to everyone on set, creating a close bond with her over the years. Sen recalls their first meeting and how they continued to share a strong relationship. She considers him an idol and a relationship guru.","['Anushka Sen', 'MS Dhoni']","['Person', 'Person']","['Actress', 'Cricketer']","[['positive working experience with MS Dhoni', 'considers him an idol and a relationship guru'], ['respectful and kind to everyone on set', 'close bond with Anushka Sen']]","['Anushka Sen', 'Anushka Sen']","['MS Dhoni', 'MS Dhoni']","['Worked together', 'Considered idol and relationship guru']",,,,,,,,,,,,,,
"Bollywood celebrities including Varun Dhawan, Bhumi Pednekar, and Esha Deol have arrived in Goa for the wedding of Rakul Preet Singh and Jackky Bhagnani. The couple will have gluten-free, sugar-free treats at their wedding feast, reflecting their commitment to health and fitness. The wedding festivities are set to begin on Monday at the ITC Grand hotel.","['Varun Dhawan', 'Bhumi Pednekar', 'Esha Deol', 'Rakul Preet Singh', 'Jackky Bhagnani', 'Goa', 'ITC Grand Hotel']","['Person', 'Person', 'Person', 'Person', 'Person', 'Location', 'Location']","['Actor', 'Actress', 'Actress', 'Actress', 'Actor', 'State', 'Hotel']","[[], [], [], [], [], [], []]","['Varun Dhawan', 'Bhumi Pednekar', 'Esha Deol', 'Rakul Preet Singh', 'Rakul Preet Singh', 'Jackky Bhagnani', 'Goa']","['Goa', 'Goa', 'Goa', 'Jackky Bhagnani', 'Goa', 'Goa', 'ITC Grand Hotel']","['Arrived', 'Arrived', 'Arrived', 'Partner', 'Getting married in', 'Getting married in', 'Location of wedding']",,,,,,,,,,,,,,
"Ankita Lokhande and Vicky Jain's relationship faced scrutiny during their time on 'Bigg Boss 17,' with constant fights leading to rumors of trouble. On the set of 'Dance Deewane,' a video of Lokhande looking 'unhappy' raised concerns among fans. Lokhande is seen wearing a serious expression. Jain asks her to smile for the cameras and she reluctantly agrees.","['Ankita Lokhande', 'Vicky Jain', 'Dance Deewane']","['Person', 'Person', 'Entertainment']","['Actress', 'Partner', 'TV Show']","[['participant in Bigg Boss 17'], [], []]","['Ankita Lokhande', 'Ankita Lokhande']","['Vicky Jain', 'Dance Deewane']","['Partner', 'Participated in']",,,,,,,,,,,,,,
"Days after faking her own death, Poonam Pandey claimed that stakeholders have sent legal notices to her team. The All Indian Cine Workers Association demanded legal action and a defamation case has been filed against her for trivializing cancer and manipulating emotions. The FIR accuses Pandey of staging her death for personal publicity.","['Poonam Pandey', 'All Indian Cine Workers Association', 'Defamation Case', 'FIR']","['Person', 'Organization', 'Legal', 'Legal']","['Model', 'Association', 'Case', 'Complaint']","[['faked her own death'], ['demanded legal action'], ['filed against Poonam Pandey'], ['accused Poonam Pandey of staging her death for personal publicity']]","['Poonam Pandey', 'All Indian Cine Workers Association', 'Poonam Pandey', 'Poonam Pandey']","['All Indian Cine Workers Association', 'Defamation Case', 'Defamation Case', 'FIR']","['Demanding Legal Action', 'Filed', 'Subject Of', 'Accused In']",,,,,,,,,,,,,,
"The I&B ministry has made changes to the National Film Awards based on the recommendations of a committee. The names of Indira Gandhi and Nargis Dutt have been dropped from awards, while prize money has been revised. Awards have been restructured, with new categories introduced. The changes come after the committee deliberated during the pandemic.","['I&B Ministry', 'National Film Awards', 'Indira Gandhi', 'Nargis Dutt', 'Committee']","['Organization', 'Award', 'Person', 'Person', 'Group']","['Government Department', 'Film Award', 'Politician', 'Actress', 'Advisory Committee']","[[], [], [], [], ['deliberated during the pandemic']]","['I&B Ministry', 'I&B Ministry', 'I&B Ministry', 'Committee']","['National Film Awards', 'Indira Gandhi', 'Nargis Dutt', 'National Film Awards']","['Changes made to', 'Dropped from awards', 'Dropped from awards', 'Deliberated during']",,,,,,,,,,,,,,
"Nitish Bharadwaj's estranged wife, Smita Bharadwaj, refuted claims of abducting their daughters, calling them 'false and malicious'. The couple, in a marital dispute pending in court, had a recent meeting where the daughters expressed distress over their parents' disputes. It highlights the emotional impact on the children amidst the ongoing legal turmoil.","['Nitish Bharadwaj', 'Smita Bharadwaj', 'daughters', 'marital dispute']","['Person', 'Person', 'Person', 'Event']","['Husband', 'Wife', 'Children', 'Legal Issue']","[[], [], [], []]","['Nitish Bharadwaj', 'Nitish Bharadwaj', 'Smita Bharadwaj', 'marital dispute', 'marital dispute']","['Smita Bharadwaj', 'daughters', 'daughters', 'Nitish Bharadwaj', 'Smita Bharadwaj']","['Spouse', 'Father', 'Mother', 'Involved', 'Involved']",,,,,,,,,,,,,,
"Adult film star Kagney Linn Karter died by suicide on Tuesday at the age of 36, leaving her friends and fans shocked. Her friends shared the news on social media, revealing that she struggled with mental health issues. A GoFundMe has been started to support her family. Kagney Linn Karter has nearly 320 titles to her name in the adult film industry.",['Kagney Linn Karter'],['Person'],['Adult Film Star'],"[['struggled with mental health issues', 'died by suicide', 'age 36', 'nearly 320 titles in adult film industry']]","[[], [], [], 'Friends']","['Kagney Linn Karter', 'Kagney Linn Karter', 'Kagney Linn Karter', 'Kagney Linn Karter']","['Died By Suicide', 'Struggled With Mental Health Issues', 'Has Nearly 320 Titles In Adult Film Industry', 'Shared News On Social Media']",,,,,,,,,,,,,,
"Actor Vikrant Massey who recently welcomed his first child talked about his family and how he comes from a diverse family background with a Sikh mother, a Christian father, and a brother who converted to Islam. His father supported his brother's decision to convert. Vikrant aims to teach his son rationalism while respecting certain Indian cultural practices.","['Vikrant Massey', 'Sikh', 'Christian', 'Islam', 'father', 'brother']","['Person', 'Religion', 'Religion', 'Religion', 'Person', 'Person']","['Actor', 'Religion', 'Religion', 'Religion', 'Family Member', 'Family Member']","[['first child', 'diverse family background', 'aims to teach son rationalism'], [], [], [], [""supported brother's conversion""], ['converted to Islam']]","['Vikrant Massey', 'Vikrant Massey', 'Vikrant Massey', 'father']","['Sikh', 'Christian', 'Islam', 'brother']","['Mother', 'Father', 'Brother', 'Supported Conversion']",,,,,,,,,,,,,,
"Actor Rituraj Singh, known for his roles in shows like 'Anupamaa' and films like 'Badrinath Ki Dulhania', passed away on Tuesday due to a cardiac arrest. The 59-year-old was suffering from a pancreatic ailment and had been hospitalised recently. Tributes poured in for the actor on social media, with one user writing, ""Heartbreaking news to the nation.""",['Rituraj Singh'],['Person'],['Actor'],"[[""known for roles in 'Anupamaa' and 'Badrinath Ki Dulhania'"", 'passed away on Tuesday due to cardiac arrest', 'suffering from pancreatic ailment', 'recently hospitalized']]","['Rituraj Singh', 'Rituraj Singh', 'Rituraj Singh', 'Rituraj Singh', 'Rituraj Singh']","['Anupamaa', 'Badrinath Ki Dulhania', 'cardiac arrest', 'pancreatic ailment', 'hospitalization']","['Role in show', 'Role in movie', 'cause of death', 'illness', 'recent event']",,,,,,,,,,,,,,
"Kiara Advani has officially joined the cast of Farhan Akhtar‚Äôs 'Don 3', marking her first collaboration with Ranveer Singh. Her role is rumored to have negative shades. ""Seeking all your love and support as we set out on this exciting journey together"", said Advani. Additionally, she is reportedly set to star in another action film, 'War 2'.","['Kiara Advani', 'Farhan Akhtar', 'Ranveer Singh', 'Don 3', 'War 2']","['Person', 'Person', 'Person', 'Entertainment', 'Entertainment']","['Actress', 'Director', 'Actor', 'Movie', 'Movie']","[['first collaboration with Ranveer Singh', 'rumored to have negative shades', 'set to star in War 2'], [], [], [], []]","['Kiara Advani', 'Kiara Advani', 'Kiara Advani', 'Kiara Advani']","['Farhan Akhtar', 'Ranveer Singh', 'Don 3', 'War 2']","['Collaborator', 'Co-actor', 'Cast member', 'Cast member']",,,,,,,,,,,,,,
"Finance Minister Thangam Thenarasu allocated ‚Çπ500 crore for a new film city in Poonamallee, Chennai, following CM MK Stalin's announcement. The state-of-the-art facility aims to rival Hyderabad's Ramoji Film City and elevate Tamil cinema standards, attracting pan-Indian productions. The move addresses filmmakers' challenges and boosts the state's economy.","['Thangam Thenarasu', 'Poonamallee', 'Chennai', 'CM MK Stalin', 'Ramoji Film City', 'New film city', 'Tamil cinema']","['Person', 'Location', 'Location', 'Person', 'Entertainment', 'Entertainment', 'Entertainment']","['Politician', 'City', 'City', 'Politician', 'Film City', 'Film City', 'Cinema Industry']","[['Finance Minister'], ['In Chennai'], [], ['Chief Minister'], ['Hyderabad'], ['In Poonamallee'], []]","['Thangam Thenarasu', 'CM MK Stalin', 'New film city', 'New film city']","['New film city', 'Thangam Thenarasu', 'Tamil cinema', 'Ramoji Film City']","['Allocated funds', 'Announced', 'Aims to elevate', 'Aims to rival']",,,,,,,,,,,,,,
"Bollywood actor Anushka Sharma and star India cricketer Virat Kohli have welcomed their second child together, a baby boy. The couple welcomed him on February 15. The actress and the cricketer maintained privacy throughout this period and were low-key about the second pregnancy. In an official statement on Instagram, they revealed the baby's name as 'Akaay.'","['Anushka Sharma', 'Virat Kohli', 'Akaay']","['Person', 'Person', 'Person']","['Actress', 'Cricketer', 'Baby']","[['welcomed second child', 'baby boy', 'born on Feb 15', 'named Akaay'], ['welcomed second child', 'baby boy', 'born on Feb 15', 'named Akaay'], ['son of Anushka Sharma and Virat Kohli']]","['Anushka Sharma', 'Anushka Sharma', 'Virat Kohli']","['Virat Kohli', 'Akaay', 'Akaay']","['Spouse', 'mother', 'father']",,,,,,,,,,,,,,
"Comedian, writer, songwriter and YouTube personality Bhuvan Bam is all set for his new project which is going to be his digital streaming debut. He will be seen donning a novel character in an untitled web show!","['Bhuvan Bam', 'Untitled Web Show']","['Person', 'Entertainment']","['YouTube Personality', 'Web Series']","[['Comedian', 'Writer', 'Songwriter'], []]",['Bhuvan Bam'],['Untitled Web Show'],['Starring'],,,,,,,,,,,,,,
"Actress Neetu Kapoor took to Instagram and fondly remembered late husband Rishi Kapoor on his 2nd death anniversary. She penned down an emotional note with a video, ‚ÄùToday is two years since rishi ji left us, losing a partner of 45 years was difficult n painful at that time the only way to heal my heart was to keep myself mentally occupied.‚Äù",['Neetu Kapoor'],['Person'],['Actress'],"[['wife of Rishi Kapoor', 'remembering him on 2nd death anniversary']]",['Neetu Kapoor'],['Rishi Kapoor'],['Wife'],,,,,,,,,,,,,,
"Singer Tarsame Singh Saini, popularly known as Taz from Stereo Nation, died at the age of 54. The singer was suffering from hernia for the last two years and breathed his last in London. Recently, he went in a coma and his health started deteriorating since last month. The singer rose to fame with his album album ‚ÄòHit The Deck‚Äô in 1989.",['Tarsame Singh Saini'],['Person'],['Singer'],"[['popularly known as Taz', 'died at the age of 54', 'breathing his last in London', 'recently went in a coma', 'health started deteriorating since last month', 'rose to fame with his album album ‚ÄòHit The Deck‚Äô in 1989']]",[],[],[],,,,,,,,,,,,,,
"The Enforcement Directorate (ED) on Saturday attached assets worth Rs 7.27 crore of Bollywood actor Jacqueline Fernandez, in the Rs 200 crore money laundering case involving jailed conman Sukesh Chandrashekhar. The attached property is a fixed deposit, according to sources. Jacqueline may be called for questioning later.","['Jacqueline Fernandez', 'Enforcement Directorate', 'Sukesh Chandrasekhar']","['Person', 'Organization', 'Person']","['Actress', 'Government Agency', 'Conman']","[['Rs 7.27 crore assets attached by ED'], [], []]","['Jacqueline Fernandez', 'Enforcement Directorate']","['Enforcement Directorate', 'Jacqueline Fernandez']","['Assets attached by', 'Involved in money laundering case']",,,,,,,,,,,,,,
"Sony TV's popular business reality show Shark Tank India is all set to come back with its second season, official social media handles of the channel announced on Saturday. The registrations for Shark Tank India Season 2 have started. The first season was a huge success and it will interesting to see what the second season has to offer.",['Shark Tank India'],['Entertainment'],['Reality Show'],"[['second season', 'first season success']]","[[], []]","['Shark Tank India', 'Shark Tank India']","['Announced', 'Registrations Started']",,,,,,,,,,,,,,
"Late actor Irrfan Khan's unreleased film, 'Apno Se Bewafai' was scheduled to hit the screens on his 2nd death anniversary i.e. April 29, 2022. Piyush Shah, who is associated with the project, told ETimes that they didn't do it to avoid a box office clash, saying, ""There were three releases this week.""",Error parsing JSON:,Expecting property name enclosed in double quotes: line 1 column 260 (char 259),and Headline Number is:,38,,,,,,,,,,,,,,,,,
"Veteran actor Rishi Kapoor died on April 30, 2020. On his 2nd death anniversary, Alia Bhatt, who shared a close bond with him, remembered when she spent quality time with the Kapoor family. Alia posted an old photo of the duo on her Instagram story which also features her husband Ranbir Kapoor and mother-in-law Neetu Kapoor. ""Always and forever,"" she wrote.","['Rishi Kapoor', 'Alia Bhatt', 'Ranbir Kapoor', 'Neetu Kapoor']","['Person', 'Person', 'Person', 'Person']","['Actor', 'Actress', 'Actor', 'Actress']","[['died on April 30, 2020'], [], [], []]","['Rishi Kapoor', 'Alia Bhatt', 'Alia Bhatt']","['Alia Bhatt', 'Ranbir Kapoor', 'Neetu Kapoor']","['Shared a close bond', 'Husband', 'mother-in-law']",,,,,,,,,,,,,,
"Bollywood movie ‚ÄòHeropanti 2‚Äô starring Tiger Shroff, Tara Sutaria as leads alongside Nawazuddin Siddiqui who plays a notorious villain, Laila, was able to collect ‚Çπ7.50 crore on the first day of its release on April 29. The film clocked an occupancy of 25 percent on the opening day, reported India Today. Tiger will next be seen in Vikas Bahl's ‚ÄòGanapath‚Äô.","['Bollywood movie Heropanti 2', 'Tiger Shroff', 'Tara Sutaria', 'Nawazuddin Siddiqui', 'Laila']","['Entertainment', 'Person', 'Person', 'Person', 'Character']","['Movie', 'Actor', 'Actress', 'Actor', 'Fictional Character']","[['April 29 release', '25% occupancy on opening day'], [], [], ['notorious villain'], []]","['Bollywood movie Heropanti 2', 'Bollywood movie Heropanti 2', 'Bollywood movie Heropanti 2', 'Bollywood movie Heropanti 2']","['Tiger Shroff', 'Tara Sutaria', 'Nawazuddin Siddiqui', 'Laila']","['Star', 'Star', 'Plays Villian', 'Character in']",,,,,,,,,,,,,,
"Actor Akshaye Khanna has joined the cast for Ajay Devgn's ‚ÄòDrishyam 2‚Äô. Tabu on Instagram shared a photo with Akshaye Khanna welcoming the new cast of the film and captioned it ‚ÄúDelighted to have a gem of an actor on board for #Drishyam2 Akshaye Khanna #TrulyTalented.‚Äù Ajay Devgn has already started shooting for Drishyam 2, reports India Today.","['Akshaye Khanna', 'Tabu', 'Ajay Devgn', '#Drishyam2']","['Person', 'Person', 'Person', 'Entertainment']","['Actor', 'Actor', 'Actor', 'Movie Sequel']","[[], [], [], []]","['Tabu', 'Akshaye Khanna']","['Akshaye Khanna', '#Drishyam2']","['Welcome', 'Joined Cast']",,,,,,,,,,,,,,
"Amitabh Bachchan penned a handwritten note for Ajay Devgn to congratulate him for 'Runway 34'. Calling it an ""honour"" to be a part of Devgn's directorial venture, Big B wrote, ""The way you have put everything together is simply marvellous."" Ajay responded on Instagram saying, ""It stirs emotions that are a heady mix of gratitude, quiet pride & satisfaction.""","['Amitabh Bachchan', 'Ajay Devgn', 'Runway 34']","['Person', 'Person', 'Entertainment']","['Actor', 'Actor/Director', 'Movie']","[['congratulated ajay devgn for runway 34'], ['received congratulations from amitabh bachchan for runway 34'], []]","['Amitabh Bachchan', 'Ajay Devgn']","['Ajay Devgn', 'Runway 34']","['Congratulated', 'Director']",,,,,,,,,,,,,,
"Marvel Studios has swapped the release dates of its upcoming films, 'Ant-Man and the Wasp: Quantumania' and 'The Marvels'. According to a PTI report, 'Quantumania' will hit the screens on February 17, 2023, and 'The Marvels' will release on July 23, 2023. It was decided as 'Quantumania' finished principal photography and the latter is still under production.","['Marvel Studios', 'Ant-Man and the Wasp: Quantumania', 'The Marvels']","['Organization', 'Entertainment', 'Entertainment']","['Film Production Company', 'Movie', 'Movie']","[[], ['Release Date: February 17, 2023'], ['Release Date: July 23, 2023']]","['Marvel Studios', 'Marvel Studios', 'Ant-Man and the Wasp: Quantumania', 'The Marvels']","['Ant-Man and the Wasp: Quantumania', 'The Marvels', 'February 17, 2023', 'July 23, 2023']","['Producer', 'Producer', 'Release Date', 'Release Date']",,,,,,,,,,,,,,
"Actor Amir Khan‚Äôs daughter Iran Khan took to Instagram to share about her struggles with anxiety. Posting a picture of herself in white pyjamas, she wrote, ‚ÄúI've started getting anxiety attacks...‚Äù She revealed that talking to her boyfriend Nupur Shikhare has helped her and said the attack ‚Äúfeels like impending doom"".","['Amir Khan', 'Iran Khan', 'Nupur Shikhare']","['Person', 'Person', 'Person']","['Actor', 'Person', 'Boyfriend']","[[], ['struggles with anxiety'], []]","['Iran Khan', 'Iran Khan']","['Amir Khan', 'Nupur Shikhare']","['Father', 'Boyfriend']",,,,,,,,,,,,,,
"Ketan R. Kakkad, a retired NRI from the USA and neighbour of Bollywood superstar Salman Khan at the Panvel (Raigad) farmhouse, has slapped Khan with a defamation case, demanding a staggering amount of ‚Çπ295 crore. This move came as a retaliation, as Khan earlier in March 2022 filed a defamation suit against Kakkad.","['Ketan R. Kakkad', 'Salman Khan', 'Panvel (Raigad)']","['Person', 'Person', 'Location']","['Retired NRI', 'Bollywood Superstar', 'City']","[['defamation case against Salman Khan', 'neighbour of Salman Khan'], [], []]","['Ketan R. Kakkad', 'Salman Khan']","['Salman Khan', 'Panvel (Raigad)']","['Defamation Case', 'Farmhouse Location']",,,,,,,,,,,,,,
"The Hindi version of Yash-starrer 'KGF 2' has crossed the ‚Çπ350-crore mark at the box office while it has already grossed over ‚Çπ1,000 crore worldwide. The total collection of its Hindi version in the country now stands at ‚Çπ353.06 crore. The film also stars Sanjay Dutt, Raveena Tandon, Srinidhi Shetty and Prakash Raj.","['Yash', 'Sanjay Dutt', 'Raveena Tandon', 'Srinidhi Shetty', 'Prakash Raj', 'KGF 2']","['Person', 'Person', 'Person', 'Person', 'Person', 'Entertainment']","['Actor', 'Actor', 'Actress', 'Actress', 'Actor', 'Movie']","[[], [], [], [], [], ['grossed over ‚Çpi,000 crore worldwide', 'Hindi version box office collection ‚Çpi353.06 crore']]","['Yash', 'Sanjay Dutt', 'Raveena Tandon', 'Srinidhi Shetty', 'Prakash Raj']","['KGF 2', 'KGF 2', 'KGF 2', 'KGF 2', 'KGF 2']","['Star', 'Star', 'Star', 'Star', 'Star']",,,,,,,,,,,,,,
"Five-time Grammy award-winning singer Naomi Judd died at the age of 76. Judd's daughter, actress Ashley confirmed it on Twitter. ""Today we sisters (Ashley and Wynonna Judd) experienced a tragedy. We lost our beautiful mother to the disease of mental illness. We are shattered,"" she wrote. Naomi was a part of 'The Judds', a band that she formed with Wynonna.","['Naomi Judd', 'Ashley Judd', 'Wynonna Judd', 'The Judds']","['Person', 'Person', 'Person', 'Entertainment']","['Singer', 'Actress', 'Singer', 'Band']","[['5 times grammy winner', 'part of The Judds'], [], [], []]","['Naomi Judd', 'Naomi Judd', 'Ashley Judd']","['Ashley Judd', 'Wynonna Judd', 'Naomi Judd']","['Daughter', 'Partner in The Judds', 'Confirmed death']",,,,,,,,,,,,,,
"Comedian Pete Davidson made a comeback to the stand-up stage after three years and commented on his girlfriend Kim's ex, Kanye West. Davidson joked about Kanye telling him about having AIDS and being convinced because the rapper ""is a genius"", Deadline reported. Davidson also compared Kanye's claymation clip with Will Smith's slap at the Oscars 2022.","['Pete Davidson', 'Kim', 'Kanye West', 'Deadline']","['Person', 'Person', 'Person', 'Media']","['Comedian', 'Reality Star', 'Rapper', 'News Website']","[[], [], [], []]","['Pete Davidson', 'Pete Davidson', 'Davidson']","['Kanye West', 'Kim', 'Deadline']","['Commented on ex', 'Girlfriend', 'Reported by']",,,,,,,,,,,,,,
"Anushka Sharma, who turned 34 on Sunday, spoke about how the 'Chakda Xpress' actress is focusing on choosing the scripts worth staying away from her one-year-old daughter Vamika. ""I feel blessed that I am in a position today to select the type of films that I want to do, which also justifies the time that I will spend away from my child,"" Anushka told IANS.","['Anushka Sharma', 'Vamika', 'Chakda Xpress']","['Person', 'Person', 'Entertainment']","['Actress', 'Child', 'Movie']","[['turned 34 on Sunday'], [], []]","['Anushka Sharma', 'Anushka Sharma']","['Vamika', 'Chakda Xpress']","['mother', 'actress in']",,,,,,,,,,,,,,
"Manmohan Desai's 1981 film 'Naseeb' featured 'John Jani Janardhan', a track which was picturised on Amitabh Bachchan. A star-studded party in the song was for the golden jubilee celebration of Desai's 1977 film 'Dharam Veer'. Do find the hints in the background when you watch it the next time. Also don't miss Dharmendra and Jeetendra's cutouts at the entry.","['Manmohan Desai', 'Amitabh Bachchan', 'Naseeb', 'Dharam Veer', 'Dharmendra', 'Jeetendra']","['Person', 'Person', 'Entertainment', 'Entertainment', 'Person', 'Person']","['Director', 'Actor', 'Film', 'Film', 'Actor', 'Actor']","[[], ['John Jani Janardhan'], [], ['golden jubilee celebration'], [], []]","['Manmohan Desai', 'Manmohan Desai', 'Amitabh Bachchan', 'Dharam Veer', 'Dharam Veer', 'Dharam Veer', 'Dharam Veer']","['Naseeb', 'Dharam Veer', 'Naseeb', 'Party', 'Desai', 'Dharmendra', 'Jeetendra']","['Director', 'Director', 'Actor', 'Golden Jubilee Celebration', 'Produced by', 'Starring', 'Starring']",,,,,,,,,,,,,,
"Dharmendra has been admitted to the ICU at Mumbai's Breach Candy Hospital, ANI tweeted on Sunday night. According to an Indian Express report, a source close to his family said that the 'Sholay' actor was admitted there last week as he had a ""back issue."" ""He is doing fine. There‚Äôs nothing to worry about. He might be discharged tonight,"" the source said.","['Dharmendra', 'Breach Candy Hospital']","['Person', 'Location']","['Actor', 'Hospital']","[['admitted to ICU', 'had back issue'], []]",['Dharmendra'],['Breach Candy Hospital'],['Admitted'],,,,,,,,,,,,,,
"Netflix on Sunday said it decided to cancel Meghan Markle's animated series ‚ÄòPearl‚Äô as the streaming platform hew its animated content. It was planned to be centered on the adventures of a 12-year-old girl, who is inspired by a variety of influential women. The decision to cancel the series came after Netflix reported a loss of 200,000 subscribers.","['Meghan Markle', 'Netflix', 'Pearl']","['Person', 'Organization', 'Entertainment']","['Actress', 'Streaming Platform', 'Animated Series']","[['animated series Pearl'], ['hew its animated content'], []]","['Meghan Markle', 'Netflix']","['Pearl', 'Pearl']","['Creator', 'Producer']",,,,,,,,,,,,,,
"Doordarshan on Saturday won the best in-depth Hindi series award 2022 at the Exchange4media News Broadcasting Awards (ENBA) for a pet show called ‚ÄòBest Friends Forever‚Äô. The show features the relationships between pets and people and also depicts ""how pets not only take the modern-day stress away but are also life-savers"". The show is available on Youtube.","['Doordarshan', 'Best Friends Forever']","['Organization', 'Entertainment']","['Broadcaster', 'TV Show']","[['best in-depth Hindi series award 2022'], ['available on YouTube', 'depicts how pets are life savers']]",['Doordarshan'],['Best Friends Forever'],['Producer'],,,,,,,,,,,,,,
"Actor Dharmendra, who was admitted to Breach Candy Hospital, Mumbai, last week due to a muscle pull, was discharged on Sunday. After returning from the hospital, the actor shared a video on his Instagram, talking about the lesson he had learned. ‚ÄúA person shouldn't overdo things and must know one's own limits‚Äù, he said.","['Dharmendra', 'Breach Candy Hospital']","['Person', 'Location']","['Actor', 'Hospital']","[['muscle pull'], []]","['Dharmendra', 'Dharmendra']","['Breach Candy Hospital', 'Instagram']","['Admitted', 'Shares Video']",,,,,,,,,,,,,,
"Hema Malini on Monday wished husband Dharmendra on their 42nd wedding anniversary and also said that the actor is ""ok now and thankfully back home"" after spending 4 days in hospital with back pain. ""I thank God for all these years of happiness, our darling children and grandchildren, our well wishers everywhere! I feel truly blessed,"" the actress tweeted.","['Hema Malini', 'Dharmendra']","['Person', 'Person']","['Actress', 'Actor']","[['wished husband on 42nd wedding anniversary', 'thankful for 42 years of marriage', 'grandmother'], ['spent 4 days in hospital with back pain']]","['Hema Malini', 'Hema Malini', 'Hema Malini']","['Dharmendra', 'Dharmendra', 'Dharmendra']","['Wife', 'Wished on anniversary', 'Thankful for recovery']",,,,,,,,,,,,,,
"Hollywood Actress Amber Heard has reportedly fired her PR team after being upset over the negative headlines in the defamation trial against ex-husband Johnny Depp. Depp has sued Amber for $50 million, claiming that her allegations of domestic abuse in an op-ed piece against him in 2018 destroyed her career and reputation.","['Amber Heard', 'Johnny Depp']","['Person', 'Person']","['Actress', 'Actor']","[['fired PR team', 'defamation trial against ex-husband Johnny Depp', '$50 million lawsuit by Johnny Depp'], ['$50 million lawsuit against Amber Heard', 'ex-husband of Amber Heard']]","['Amber Heard', 'Johnny Depp', 'Amber Heard']","['Johnny Depp', 'Amber Heard', 'PR team']","['ex-husband', 'suing for $50 million', 'Fired']",,,,,,,,,,,,,,
"Film producer Boney Kapoor on Sunday shared a throwback picture of himself from his school days on Instagram. In the picture, he can be seen posing in a shirt with his hands on his waist. Kapoor captioned the post, ‚ÄúYes it is me. Happy school days.‚Äù Reacting to the picture, Shabana Azmi commented, ‚ÄúUnrecognisable.""","['Boney Kapoor', 'Shabana Azmi']","['Person', 'Person']","['Producer', 'Actor']","[['school days photo'], ['unrecognizable']]","['Boney Kapoor', 'Boney Kapoor']","['Instagram', 'Shabana Azmi']","['Shared photo', 'Commented by']",,,,,,,,,,,,,,
"Tanzanian content creator and internet sensation Kili Paul, known for his videos of lip-syncing and dancing to Bollywood songs, along with his sister Neema was attacked with a knife by unknown individuals and also beaten with sticks. Paul shared a video on Instagram which showed him lying on a stretcher with a bandage on his thumb and injury on his legs.","['Kili Paul', 'Neema', 'Tanzania', 'unknown individuals']","['Person', 'Person', 'Location', 'Organization']","['Content Creator', 'Sibling', 'Country', 'Attacker']","[['lip-syncing and dancing to Bollywood songs'], [], [], []]","['Kili Paul', 'unknown individuals']","['Neema', 'Kili Paul']","['Sibling', 'attacked']",,,,,,,,,,,,,,
"Samantha Ruth Prabhu took to Instagram on Monday to post a picture of herself. Posting a picture where she is seen through the bunch of flowers, she is holding on to, Prabhu wrote, ""older and wiser."" The actress recently celebrated her 35th birthday and is currently shooting a film with Vijay Devarakonda.",['Samantha Ruth Prabhu'],['Person'],['Actress'],"[['35 years old', 'currently shooting a film with Vijay Devarakonda']]",['Samantha Ruth Prabhu'],['Instagram'],['Posted Picture On'],,,,,,,,,,,,,,
"For their upcoming film, Iravin Nizhal, Director Parthiban and AR Rahman launched the first song on Sunday. During the event, Parthiban lost his cool and threw the microphone at the audience leaving AR Rahman, reporters and fans shocked. Parthiban later apologised and revealed that he was under a lot of pressure and didn't think it through.","['Parthiban', 'AR Rahman', 'Iravin Nizhal']","['Person', 'Person', 'Entertainment']","['Director', 'Music Composer', 'Film']","[['under pressure'], [], []]","['Parthiban', 'Parthiban', 'Parthiban']","['Iravin Nizhal', 'AR Rahman', 'Audience']","['Director', 'Collaborator', 'Threw Microphone At']",,,,,,,,,,,,,,
"Bollywood actor Ajay Devgn, while reflecting on the success of his production and directorial venture ‚ÄòRunway 34‚Äô, said the story being an aviation thriller itself made it an exciting prospect. Being asked which role is closest to his heart, he said, ‚ÄúI am a director at heart and of course, I also love acting.‚Äú","['Ajay Devgn', 'Runway 34']","['Person', 'Entertainment']","['Actor/Director', 'Movie']","[['Producer and Director of Runway 34'], []]",['Ajay Devgn'],['Runway 34'],['Producer and Director'],,,,,,,,,,,,,,
"Anang Desai, who is best known for playing the role of Tulsidas Parekh (Babuji) in 'Khichdi', once shared that it gave him a ""new identity"". In an interview with the Indian Express, Anang credited his success to Khichdi, saying that initially he played both positive and negative roles on TV, but he started getting comedy roles only after the show.","['Anang Desai', 'Khichdi']","['Person', 'Entertainment']","['Actor', 'TV Show']","[['played Babuji in Khichdi', 'gave him a new identity'], []]",['Anang Desai'],['Khichdi'],['Played Role In'],,,,,,,,,,,,,,
"Indian film critic and trade analyst Taran Adarsh, in a tweet on Thursday, revealed that Yash-starrer KGF Chapter 2 has taken over Dangal to become the second highest grossing Hindi film. The movie has so far earned a whopping ‚Çπ391 crores surpassing Dangal‚Äôs ‚Çπ387 crore. Bahubali 2 remains on the top with ‚Çπ511 crore.","['Yash', 'KGF Chapter 2', 'Dangal', 'Bahubali 2', 'Taran Adarsh']","['Person', 'Entertainment', 'Entertainment', 'Entertainment', 'Person']","['Actor', 'Movie', 'Movie', 'Movie', 'Film Critic']","[[], ['earned ‚Çpi391 crores'], ['earned ‚Çpi387 crore'], ['earned ‚Çpi511 crore'], []]","['KGF Chapter 2', 'KGF Chapter 2', 'Dangal', 'Bahubali 2', 'KGF Chapter 2']","['Yash', 'Taran Adarsh', 'Taran Adarsh', 'Taran Adarsh', 'Dangal']","['Starring', 'Revealed by', 'Revealed by', 'Revealed by', 'Surpassed earnings of']",,,,,,,,,,,,,,
"Comedian Dave Chappelle was tackled during a performance at the Hollywood Bowl on Tuesday and a man was later arrested. Security guards chased the attacker and Chappelle was able to continue his performance. According to the pic shared by police, the assailant was carrying a replica handgun with a large blade that folded out of it similar to a pocket knife.",Error parsing JSON:,Expecting ':' delimiter: line 1 column 452 (char 451),and Headline Number is:,64,,,,,,,,,,,,,,,,,
"On being asked about her future plans with Arjun Kapoor, Malaika Arora in an interview with TOI said that the two are indeed thinking about the future of their relationship ‚ÄúI always tell him that I want to grow old with you. We will figure out the rest, but I know he's my man,"" added Malaika. The couple has been together for more than four years now.","['Malaika Arora', 'Arjun Kapoor']","['Person', 'Person']","['Actress', 'Actor']","[['been together for more than 4 years'], []]",['Malaika Arora'],['Arjun Kapoor'],['Future Plans'],,,,,,,,,,,,,,
"On being asked about her future plans with Arjun Kapoor, Malaika Arora in an interview with TOI said that the two are indeed thinking about the future of their relationship ‚ÄúI always tell him that I want to grow old with you. We will figure out the rest, but I know he's my man,"" added Malaika. The couple has been together for more than four years now.","['Malaika Arora', 'Arjun Kapoor']","['Person', 'Person']","['Actress', 'Actor']","[['been together for more than 4 years'], []]",['Malaika Arora'],['Arjun Kapoor'],['Future Plans'],,,,,,,,,,,,,,
"Vicky Kaushal's female fan, Rimjhim, could not keep calm after she met the actor. The fan met Vicky outside his vanity van, and was so overwhelmed after the actor hugged her. In a video shared by the Instagram user, she can be seen sobbing and shaking as Vicky meets her. Vicky is often found interacting with his fans and ready for pictures and autographs.","['Vicky Kaushal', 'Rimjhim']","['Person', 'Person']","['Actor', 'Fan']","[[], []]","['Vicky Kaushal', 'Vicky Kaushal']","['Rimjhim', 'Rimjhim']","['Met', 'Hugged']",,,,,,,,,,,,,,
"Actor Kiara Advani does not believe that Bollywood is dependent on the South Indian film industry for content. ""I don't agree that Bollywood is banking on South for content. Sometimes a small film, which is a gem from a certain language, has the potential to reach out to a wider audience,"" she said during the promotion of her upcoming film Bhool Bhulaiyaa 2.","['Kiara Advani', 'Bollywood', 'South Indian Film Industry', 'Bhool Bhulaiyaa 2']","['Person', 'Organization', 'Organization', 'Entertainment']","['Actor', 'Film Industry', 'Film Industry', 'Movie']","[[], [], [], []]","['Kiara Advani', 'Kiara Advani', 'Kiara Advani']","['Bollywood', 'South Indian Film Industry', 'Bhool Bhulaiyaa 2']","['Part of', ""Doesn't Agree Dependent On"", 'Promoting']",,,,,,,,,,,,,,
"Actor Kiara Advani does not believe that Bollywood is dependent on the South Indian film industry for content. ""I don't agree that Bollywood is banking on South for content. Sometimes a small film, which is a gem from a certain language, has the potential to reach out to a wider audience,"" she said during the promotion of her upcoming film Bhool Bhulaiyaa 2.","['Kiara Advani', 'Bollywood', 'South Indian Film Industry', 'Bhool Bhulaiyaa 2']","['Person', 'Organization', 'Organization', 'Entertainment']","['Actor', 'Film Industry', 'Film Industry', 'Movie']","[[], [], [], []]","['Kiara Advani', 'Kiara Advani', 'Kiara Advani']","['Bollywood', 'South Indian Film Industry', 'Bhool Bhulaiyaa 2']","['Part of', ""Doesn't Agree Dependent On"", 'Promoting']",,,,,,,,,,,,,,
"Fatima Sana Shaikh, who is gearing up for the release of her upcoming film, 'Thar', treated her fans to summer-special pictures on Wednesday. Fatima can be seen donning an off-shoulder lilac-coloured bodycon dress in her Instagram post. She added an oomph with golden hooped earrings and transparent stilettos to her easy-breezy look. ""Purple haze,"" she wrote.","['Fatima Sana Shaikh', 'Thar']","['Person', 'Entertainment']","['Actress', 'Movie']","[['Upcoming film Thar'], []]",['Fatima Sana Shaikh'],['Thar'],['Actress in'],,,,,,,,,,,,,,
"Tom Cruise is making a comeback as Maverick Mitchell, an aviator of US aircraft carrier Top Gun in an upcoming film, 'Top Gun: Maverick' after 36 years. It is a sequel to his 1986 movie 'Top Gun'. Maverick is returning to the Top Gun fighter weapons school in the new film. He attended its world premiere on Wednesday and joked saying, ""I was a little slow.""","['Tom Cruise', 'Maverick Mitchell']","['Person', 'Character']","['Actor', 'Fictional Character']","[['returning to Top Gun fighter weapons school', 'joked saying, ‘I was a little slow.’'], ['aviator of US aircraft carrier Top Gun', ""sequel to 1986 movie 'Top Gun'""]]","['Tom Cruise', 'Maverick Mitchell', 'Maverick Mitchell']","['Maverick Mitchell', 'US aircraft carrier Top Gun', 'Top Gun fighter weapons school']","['Plays character', 'Aviator', 'Attends']",,,,,,,,,,,,,,
"Ajay Devgn on Thursday took to Twitter to pen a heartwarming note for Akshay Kumar, who recently completed 30 years in Bollywood. The actor wrote, ‚ÄúHope you set new records. Will always be there rooting, cheering for you.‚Äù Replying to which Akshay wrote ‚Äúlucky to have supportive peers like you.‚Äù Both have co-starred in films like Khakee, Insan, and Suhaag.","['Ajay Devgn', 'Akshay Kumar', 'Twitter']","['Person', 'Person', 'Platform']","['Actor', 'Actor', 'Social Media']","[[], [], []]","['Ajay Devgn', 'Ajay Devgn', 'Akshay Kumar']","['Akshay Kumar', 'Twitter', 'Ajay Devgn']","['co-actor', 'Posted message', 'Received message']",,,,,,,,,,,,,,
"Gulshan Kumar was an iconic music and film producer who founded the T-series, which is a favourite in Bollywood. Before entering the music industry, Kumar worked with his father, who ran a juice shop in Delhi. The renowned singer also tried his hands at direction in the film ‚ÄòBewafa Sanam‚Äô. Kumar was murdered by the Mumbai underworld in 1997.","['Gulshan Kumar', 'T-series', 'Delhi', 'juice shop', 'Bewafa Sanam']","['Person', 'Organization', 'Location', 'Business', 'Entertainment']","['Producer', 'Music Company', 'City', 'Retail Store', 'Film']","[['Founder of T-Series', 'murdered by mumbai underworld in 1997'], ['Favourite in Bollywood'], [], ['Run by father'], ['Directed by Gulshan Kumar']]","['Gulshan Kumar', 'Gulshan Kumar', 'Gulshan Kumar']","['T-series', 'juice shop', 'Bewafa Sanam']","['Founder', 'Worked', 'Director']",,,,,,,,,,,,,,
"Hollywood Actress Amber Heard broke down in court as she testified against ex-husband Johnny Depp on Thursday. The Aquaman star revealed that Depp slapped her repeatedly after she asked him about his tattoo. ""He slapped me across the face. I didn't know what was going on."" She then said that he slapped her twice more and said ""you think it's funny, b****?"".","['Amber Heard', 'Johnny Depp']","['Person', 'Person']","['Actress', 'Actor']","[['testified against ex-husband Johnny Depp', 'revealed repeated slapping by Johnny Depp'], []]","['Amber Heard', 'Amber Heard', 'Johnny Depp']","['Johnny Depp', 'Johnny Depp', 'Amber Heard']","['ex-husband', 'slapped', 'slapped']",,,,,,,,,,,,,,
"In the Jai Bhim Vanniyar case, FIRs have been issued against actor Suriya, his wife and actress Jyothika and director TJ Gnanavel. The court on April 29, agreed to the petitioner's argument that Vanniyar community were presented in a bad light in the movie and directed the Chennai police to file an FIR. The hearing is scheduled for May 20.","['Suriya', 'Jyothika', 'TJ Gnanavel', 'Vanniyar community', 'Chennai Police', 'Court', 'Petitioner']","['Person', 'Person', 'Person', 'Community', 'Organization', 'Institution', 'Person']","['Actor', 'Actress', 'Director', 'Community', 'Police Department', 'Legal Institution', 'Individual']","[['FIR issued against him'], ['FIR issued against her'], ['FIR issued against him'], ['presented in a bad light in the movie'], ['directed to file an FIR'], [""agreed to the petitioner's argument""], []]","['Suriya', 'Jyothika', 'TJ Gnanavel', 'Vanniyar community', 'Court', 'Petitioner']","['FIR', 'FIR', 'FIR', 'Movie', 'Chennai Police', 'Court']","['Issued against', 'Issued against', 'Issued against', 'Presented in a bad light', 'Directed', 'Filed a petition']",,,,,,,,,,,,,,
"Filmmaker Vivek Agnihotri‚Äôs media conference in Delhi was canceled on Thursday, which led him to hold the same at a five-star hotel. Agnihotri said the international political campaign against him and his movie ‚ÄòThe Kashmir Files‚Äô by foreign media led the Foreign Correspondents' Club and Press Club Of India (PCI) to cancel the press conference.","['Vivek Agnihotri', 'Delhi', 'Five-Star Hotel', 'Foreign Media', 'The Kashmir Files', 'International Political Campaign', 'Press Conference', ""Foreign Correspondents' Club"", 'Press Club Of India (PCI)']","['Person', 'Location', 'Location', 'Organization', 'Entertainment', 'Event', 'Event', 'Organization', 'Organization']","['Filmmaker', 'City', 'Hotel', 'Media House', 'Movie', 'Political Event', 'Conference', 'Club', 'Club']","[[], [], [], [], [], [], [], [], []]","['Vivek Agnihotri', 'Vivek Agnihotri', 'Vivek Agnihotri', 'Foreign Media', ""Foreign Correspondents' Club"", 'Press Club Of India (PCI)']","['Delhi', 'Five-Star Hotel', 'The Kashmir Files', 'The Kashmir Files', 'Press Conference', 'Press Conference']","['Happened in', 'Held at', 'Director of', 'Campaigning against', 'Canceled by', 'Canceled by']",,,,,,,,,,,,,,
"Just a day after KGF Chapter 2 became the second-highest-grossing Hindi film of all time, the Yash starrer has created yet another record in terms of OTT deals. The film‚Äôs OTT rights have been acquired for around ‚Çπ 320 crores mostly by Amazon Prime. The film will reportedly start streaming from May 27. Worldwide the film has collected more than ‚Çπ1000 crore.",['KGF Chapter 2'],['Entertainment'],['Movie'],"[['second highest grossing hindi film', 'OTT rights acquired for 320 crores', 'streaming from may 27', 'worldwide collection over 1000 crore']]",['KGF Chapter 2'],['Amazon Prime'],['OTT rights acquired by'],,,,,,,,,,,,,,
"Model-actor Poonam Pandey revealed that she lost her sense of smell after domestic violence by her ex-husband Sam Bombay. In a conversation with ETimes after leaving the reality show 'Lock Upp', she said, ""I lost the sense of smell completely, I ask‚Ä¶‚Äù Pandey opened up about the abuse, saying that he once beat her so much that it caused her brain hemorrhage.","['Poonam Pandey', 'Sam Bombay']","['Person', 'Person']","['Model-Actor', 'Ex-Husband']","[['lost sense of smell due to domestic violence', 'brain hemorrhage due to beating'], ['domestic violence']]","['Poonam Pandey', 'Poonam Pandey']","['Sam Bombay', 'ETimes']","['ex-husband', 'conversation with']",,,,,,,,,,,,,,
"Shahana Goswami, known for her roles in 'Rock On' and 'Ra.One', disappeared from Bollywood after the film 'Heroine'. Goswami moved to Paris in 2015 and returned to India in 2020. She said she moved out to look for meatier roles and to quench her love for travel. Goswami later appeared in Netflix series 'The Suitable Boy' and 'Bombay Begums'.",['Shahana Goswami'],['Person'],['Actress'],"[['roles in Rock On, Ra.One, Heroine', 'moved to Paris in 2015', 'returned to India in 2020', 'appeared in Netflix series The Suitable Boy and Bombay Begums']]","['Shahana Goswami', 'Shahana Goswami', 'Shahana Goswami', 'Shahana Goswami', 'Shahana Goswami', 'Shahana Goswami', 'Shahana Goswami']","['Rock On', 'Ra.One', 'Heroine', 'Paris', 'India', 'Netflix series The Suitable Boy', 'Netflix series Bombay Begums']","['Role in', 'Role in', 'Disappeared from', 'Moved to', 'Returned to', 'Appeared in', 'Appeared in']",,,,,,,,,,,,,,
"Friends' aired its last episode on May 6, 2004. The episode, 'The Last One', saw Monica and Chandler shifting to their new apartment, Rachel staying with Ross in New York, and the group, including Joey and Phoebe, leaving for their last coffee. The show featured Jennifer Aniston, David Schwimmer, Courteney Cox, Matthew Perry, Matt Le Blanc and Lisa Kudrow.","['Friends', 'Monica', 'Chandler', 'Rachel', 'Ross', 'Joey', 'Phoebe', 'Jennifer Aniston', 'David Schwimmer', 'Courteney Cox', 'Matthew Perry', 'Matt Le Blanc', 'Lisa Kudrow']","['Entertainment', 'Person', 'Person', 'Person', 'Person', 'Person', 'Person', 'Person', 'Person', 'Person', 'Person', 'Person', 'Person']","['TV Show', 'Character', 'Character', 'Character', 'Character', 'Character', 'Character', 'Actress', 'Actor', 'Actress', 'Actor', 'Actor', 'Actress']","[['last episode on May 6, 2004'], [], [], [], [], [], [], [], [], [], [], [], []]","['Monica', 'Rachel', 'Friends', 'Friends', 'Friends', 'Friends', 'Friends', 'Friends', 'Friends', 'Friends', 'Friends', 'Friends', 'Friends', 'Friends']","['Chandler', 'Ross', 'Monica', 'Chandler', 'Rachel', 'Ross', 'Joey', 'Phoebe', 'Jennifer Aniston', 'David Schwimmer', 'Courteney Cox', 'Matthew Perry', 'Matt Le Blanc', 'Lisa Kudrow']","['Shifted to new apartment together', 'Staying together in NY', 'Character', 'Character', 'Character', 'Character', 'Character', 'Character', 'Cast member', 'Cast member', 'Cast member', 'Cast member', 'Cast member', 'Cast member']",,,,,,,,,,,,,,
"Streaming on Netflix, the newly-released movie Thar is set in 1985 in the Munabao village on the Rajasthan border. The movie is a tame tale of retribution that deals with criminals, opium smugglers, an antique trader and more. Starring father son duo, Anil-Harsvardhan Kapoor, father delivers a restrained performance while Kapoor Jr finds himself tackling.","['Thar', 'Anil Kapoor', 'Harshvardhan Kapoor', 'Munabao village']","['Entertainment', 'Person', 'Person', 'Location']","['Movie', 'Actor', 'Actor', 'Village']","[['set in 1985', 'deals with criminals, opium smugglers, an antique trader and more'], ['delivers a restrained performance'], ['tackles'], ['on the Rajasthan border']]","['Thar', 'Thar', 'Thar']","['Anil Kapoor', 'Harshvardhan Kapoor', 'Munabao village']","['Starring', 'Starring', 'Set in']",,,,,,,,,,,,,,
"Nushrratt Bharuccha, who is playing the role of a condom sales girl in 'Janhit Mein Jaari', hit back at trolls after she received filthy comments on its posters. Nushrratt shared her clip on Instagram in which the actress is addressing the comments and they also appear on screen. Speaking of posters, she says in the video, ""People took it in another way.""",Error parsing JSON:,"Expecting ',' delimiter: line 1 column 186 (char 185)",and Headline Number is:,82,,,,,,,,,,,,,,,,,
Organization,['Organization'],['Organization'],['Business Entity'],[[]],[],[],[],,,,,,,,,,,,,,
"Taking the stand for a second day as part of her multi-million dollar defamation trial, actress Amber Heard alleged that her ex-husband Johnny Depp assaulted her by kicking her on a cross-country flight from Boston to Los Angeles in 2014. She alleged that Depp‚Äôs anger stemmed from a perceived affair with fellow actor James Franco.","['Amber Heard', 'Johnny Depp', 'James Franco', 'Boston', 'Los Angeles', 'cross-country flight']","['Person', 'Person', 'Person', 'Location', 'Location', 'Transportation']","['Actress', 'Actor', 'Actor', 'City', 'City', 'Flight']","[['multi-million dollar defamation trial'], [], [], [], [], ['from Boston to Los Angeles in 2014']]","['Amber Heard', 'Amber Heard', 'Johnny Depp', 'Johnny Depp']","['Johnny Depp', 'James Franco', 'Amber Heard', 'cross-country flight']","['ex-husband', 'perceived affair', 'assaulted', 'on a cross-country flight from Boston to Los Angeles in 2014']",,,,,,,,,,,,,,
"Mrunal Thakur, who played the female lead in Shahid Kapoor-starrer 'Jersey', opened up about its poor performance at the box office. Mrunal said that she was 'bummed' and felt 'low' while witnessing its box office failure. ""Maybe one of the reasons (it did not work) is that the dubbed Hindi version of the film is airing on television,"" Mrunal told ETimes.","['Mrunal Thakur', 'Shahid Kapoor', 'Jersey', 'ETimes']","['Person', 'Person', 'Entertainment', 'Media']","['Actress', 'Actor', 'Movie', 'News Channel/Website']","[['played female lead in Jersey'], [], ['poor performance at the box office'], []]","['Mrunal Thakur', 'Mrunal Thakur']","['Jersey', 'Shahid Kapoor']","['Played Female Lead In', 'Co-Star']",,,,,,,,,,,,,,
"Stand-up comedian Munawar Faruqui has emerged as one of the finalists in 'Lock Upp'. Speculation is rife that his kid will enter the show in the finale episode, The Siasat Daily reported while quoting News18. However, the entry of the comedian's wife isn't confirmed, the report added. In an episode, Faruqui had revealed that he is married and has a child.","['Munawar Faruqui', 'Lock Upp', 'News18', 'The Siasat Daily']","['Person', 'Reality Show', 'Media Outlet', 'Media Outlet']","['Comedian', 'Television Programme', 'News Channel', 'Newspaper']","[['finalist in Lock Upp', 'married', 'has a child'], [], [], []]","['Munawar Faruqui', 'News18', 'The Siasat Daily', 'The Siasat Daily']","['Lock Upp', 'The Siasat Daily', 'Lock Upp', 'Munawar Faruqui']","['Finalist', 'Quoted', 'Reported speculation about kid entering show', 'reported marriage status']",,,,,,,,,,,,,,
KGF: Chapter 2 has been roaring at the box office since its release. Trade analyst Taran Adarsh took to Twitter to share that the Hindi version of KGF 2 has surpassed the lifetime collection of Aamir Khan's 2016 film 'Dangal' as Yash's magnum opus earned ‚Çπ391 crore in three weeks. KGF 2 has now become the 2nd highest-grossing Hindi film after 'Baahubali 2'.,"['KGF: Chapter 2', 'Aamir Khan', 'Taran Adarsh']","['Entertainment', 'Person', 'Person']","['Movie', 'Actor', 'Trade Analyst']","[['earned ₹391 crore in three weeks', ""2nd highest-grossing Hindi film after 'Baahubali 2'""], [""2016 film 'Dangal'""], []]","['KGF: Chapter 2', 'KGF: Chapter 2']","['Taran Adarsh', ""Aamir Khan's Dangal""]","['Surpassed the lifetime collection of', 'surpassed the lifetime collection of']",,,,,,,,,,,,,,
"India will be getting honoured at the Cannes Film Festival 2022 scheduled for May 17 - 28. India has been chosen as the first-ever country honour at Marche Du Film, which is the business wing of the festival. Satyajit Ray‚Äôs classic Pratidwani will also be screened as a part of this edition along with R. Madhavan‚Äôs ‚ÄòRocketry‚Äô.","['India', 'May 17 - 28', 'Marche Du Film', 'Satyajit Ray', 'Pratidwani', 'R. Madhavan', ""'Rocketry'""]","['Country', 'Date', 'Organization', 'Person', 'Film', 'Person', 'Film']","['Geographical Location', 'Event', 'Business Wing', 'Director', 'Movie', 'Actor', 'Movie']","[['Honoured at Cannes Film Festival 2022'], [], [], ['Classic Pratidwani'], ['Screened at Cannes Film Festival 2022'], [""Director of 'Rocketry'""], ['Screened at Cannes Film Festival 2022']]","['India', 'May 17 - 28', 'Marche Du Film', 'Marche Du Film', 'R. Madhavan']","['Marche Du Film', 'India', 'Pratidwani', ""'Rocketry'"", ""'Rocketry'""]","['Chosen as Country Honour', 'Festival Duration', 'Will be Screened', 'Will be Screened', 'Director']",,,,,,,,,,,,,,
"Doctor Strange: Multiverse of Madness' hit the screens on May 6. Like any other Marvel movie, the end credits of the film are grabbing headlines. It has a mysterious scene which is of 'pizza poppa', a street vendor who makes a comeback with a bruised face in the credits roll and says, 'It's over'. It signifies that the film won't have any upcoming parts.","['Doctor Strange: Multiverse of Madness', 'pizza poppa']","['Entertainment', 'Character']","['Movie', 'Street Vendor']","[['released on May 6'], ['bruised face', ""'It's over'""]]",['Doctor Strange: Multiverse of Madness'],['pizza poppa'],['Appears in'],,,,,,,,,,,,,,
Indian actor Sayaji Shinde on Friday opposed the plans of cutting 158 trees that aims to make way for the construction of a hostel in the premises of Lokmanya Tilak Municipal General Hospital aka Sion hospital. Shinde posted a video on his twitter handle questioning how a health facility that saves life can allow ‚Äú158 deaths‚Äù pointing at the trees.,"['Sayaji Shinde', 'Indian', 'Lokmanya Tilak Municipal General Hospital', 'Hostel', 'Tree']","['Person', 'Country', 'Location', 'Building', 'Nature']","['Actor', 'Nation', 'Hospital', 'Construction', 'Plant']","[['Opposed tree cutting plan'], [], [], [], []]",['Sayaji Shinde'],['Lokmanya Tilak Municipal General Hospital'],['Opposed tree cutting plan'],,,,,,,,,,,,,,
"On the set of ‚ÄòThe Kapil Sharma Show‚Äô, actor Ranveer Singh revealed how he would roam around Delhi University only to absorb the culture of Delhi for his role of Bittoo Sharma in ‚ÄòBand Baaja Baaraat‚Äô. ‚ÄúI worked on my accent by watching all the Delhi-based films,‚Äù he added. The actor will now be seen in ‚ÄòJayeshbhai Jordaar‚Äô with Shalini Pandey.","['Ranveer Singh', 'The Kapil Sharma Show', 'Delhi University', 'Band Baaja Baaraat', 'Jayeshbhai Jordaar']","['Person', 'Entertainment', 'Location', 'Entertainment', 'Entertainment']","['Actor', 'TV show', 'University', 'Movie', 'Movie']","[['roamed around Delhi University', 'worked on accent by watching Delhi based movies'], [], [], ['role of Bittoo Sharma'], ['with Shalini Pandey']]","['Ranveer Singh', 'Ranveer Singh', 'Ranveer Singh', 'Ranveer Singh']","['The Kapil Sharma Show', 'Delhi University', 'Band Baaja Baaraat', 'Jayeshbhai Jordaar']","['Appeared on', 'Roamed around', 'Played role in', 'Will appear in']",,,,,,,,,,,,,,
"Model, actress Erika Packard confirmed that she will be participating in Rohit Shetty's show, 'Khatron Ke Khiladi 12'. According to a FilmiBeat report, Packard said that she is 'glad' to be a part of the show. ""I always wanted to test my capabilities and conquer my fears,"" she told India Forums. Choreographer Tushar Kalia will also participate in KKK 12.","['Erika Packard', 'Rohit Shetty', 'Khatron Ke Khiladi 12', 'Tushar Kalia']","['Person', 'Person', 'Entertainment', 'Person']","['Model & Actress', 'Director', 'TV Show', 'Choreographer']","[['participating in Khatron Ke Khiladi 12', 'Glad to be a part of the show', 'Wants to test her capabilities and conquer her fears'], [], [], ['Participating in Khatron Ke Khiladi 12']]","['Erika Packard', 'FilmiBeat', 'India Forums', 'Erika Packard']","['Khatron Ke Khiladi 12', 'Erika Packard', 'Erika Packard', 'Tushar Kalia']","['Participating in', 'Reported by', 'Interviewed by', 'Also Participating in']",,,,,,,,,,,,,,
"US-based singer Akash Ahuja recently released a song ‚ÄòPriyanka‚Äô, dedicated to none other than the global sensation Priyanka Chopra Jonas. While sharing the song, Akash wrote, ""Gave acting a shot in my new video for ‚ÄúPriyanka‚Äù ft. @thelearobinson, hope you like it."" The song marks the singer's acting debut as he is seen playing the role of a jilted lover.","['Akash Ahuja', 'Priyanka Chopra Jonas']","['Person', 'Person']","['Singer', 'Actress']","[[""released song 'Priyanka'"", 'acting debut'], []]",['Akash Ahuja'],['Priyanka Chopra Jonas'],['dedicated song to'],,,,,,,,,,,,,,
"Bollywood actress Alia Bhatt is getting ready to make her Hollywood debut in the film titled 'Heart of Stone' alongside Gal Gadot and Jamie Dornan. ‚ÄúRight after wrapping up the schedule of Rocky Aur Rani Ki Prem Kahani, Alia will be off to the UK for a marathon schedule,"" a source was quoted as saying by Pinkvilla.","['Alia Bhatt', 'Gal Gadot', 'Jamie Dornan', 'UK']","['Person', 'Person', 'Person', 'Location']","['Actress', 'Actress', 'Actor', 'Country']","[['Hollywood Debut', 'Rocky Aur Rani Ki Prem Kahani'], [], [], []]","['Alia Bhatt', 'Alia Bhatt', 'Alia Bhatt', 'Alia Bhatt']","['Heart of Stone', 'Gal Gadot', 'Jamie Dornan', 'UK']","['Starring', 'Co-star', 'Co-star', 'Traveling To']",,,,,,,,,,,,,,
"When asked about the wedding rumours with KL Rahul, Athiya Shetty refused to answer. ‚ÄúLet people think whatever they want to,‚Äù she said. Athiya also revealed that she will soon be moving in to a new house but not with KL Rahul. ‚ÄúI am not moving in with anyone, but my parents! My family and I will be staying in this brand new home,‚Äù she said.","['Athiya Shetty', 'KL Rahul']","['Person', 'Person']","['Actress', 'Cricketer']","[[], []]","['Athiya Shetty', 'Athiya Shetty', 'Athiya Shetty']","['KL Rahul', 'New House', 'Her Parents']","['Rumoured Relationship', 'Will move into', 'Will live with']",,,,,,,,,,,,,,
"Bollywood multi-hyphenate Farhan Akhtar will be part of the cast of Disney Plus‚Äô upcoming series Ms. Marvel. It is expected that the actor will be featured as a guest in the series. This will be the actor's debut Hollywood project. ‚ÄòMs. Marvel‚Äô, starring Iman Vellaniis, will mark Marvel Studios' sixth web series and is scheduled to premiere on June 8, 2022.","['Farhan Akhtar', 'Disney Plus', 'Ms. Marvel']","['Person', 'Organization', 'Entertainment']","['Actor', 'Streaming Platform', 'Series']","[['debut Hollywood project'], [], ['starring Iman Vellaniis', 'June 8, 2022 release date']]","['Farhan Akhtar', 'Disney Plus', 'Ms. Marvel']","['Disney Plus', 'Ms. Marvel', 'Farhan Akhtar']","['Part of Cast', 'Platform', 'Guest Appearance']",,,,,,,,,,,,,,
"Marvel‚Äôs new film, ‚ÄòDoctor Strange in the Multiverse of Madness‚Äô opened to excellent numbers on the opening day. As per early trends, Benedict Cumberbatch &  Elizabeth Olsen-starrer managed to earn approximately ‚Çπ28 crore net at the India box office with advance ticket sales. The collection is expected to grow further over the weekend with a steady rise.","['Benedict Cumberbatch', 'Elizabeth Olsen', 'Marvel', 'Doctor Strange in the Multiverse of Madness']","['Person', 'Person', 'Organization', 'Entertainment']","['Actor', 'Actress', 'Media Company', 'Movie']","[[], [], [], ['earned approximately ‚Çpi28 crore net at the India box office with advance ticket sales']]","['Benedict Cumberbatch', 'Elizabeth Olsen']","['Doctor Strange in the Multiverse of Madness', 'Doctor Strange in the Multiverse of Madness']","['Starred', 'Starred']",,,,,,,,,,,,,,
"Ajay Devgn's third directorial 'Runway 34', starring Ajay Devgn and Rakul Preet Singh, is not doing great business at the box office. The movie could collect Rs 22 crore in the first week and now with the release of 'Dr. Strange 2', the movie's collection may fall further. The film was released in the theatres on April 29, alongside 'Heropanti 2'.",Error parsing JSON:,Expecting property name enclosed in double quotes: line 1 column 394 (char 393),and Headline Number is:,98,,,,,,,,,,,,,,,,,
"Actor Mike Hagerty, who featured in 'Friends' as one of the character actors, died at the age of 67 on Thursday in Los Angeles, according to Variety. However, the cause of the death is not known yet. The news of the actor‚Äôs demise was shared by Bridget Everett, who played Mike's on-screen daughter in 'Somebody Somewhere' on her Instagram on Friday.","['Mike Hagerty', 'Los Angeles', 'Variety', 'Bridget Everett']","['Person', 'Location', 'Organization', 'Person']","['Actor', 'City', 'Media House', 'Actor']","[['died at the age of 67', 'featured in Friends'], [], [], [""played Mike's on-screen daughter in Somebody Somewhere""]]","['Mike Hagerty', 'Variety', 'Bridget Everett']","['Los Angeles', 'Mike Hagerty', 'Mike Hagerty']","['Died in', 'Shared News', 'Played On Screen Daughter']",,,,,,,,,,,,,,
"Amyra Dastur made her Bollywood debut with ‚ÄòIssaq‚Äô in 2013 and later appeared in films like 'Rajma Chawal', ‚ÄòMr. X‚Äô and 'Kalakaandi'. She once told IANS that she didn't tell her parents about the side-shaved hairstyle for 'Rajma Chawal' until she got the look. ""They freaked out in the best way possible,"" the actress said.",Error parsing JSON:,Expecting property name enclosed in double quotes: line 1 column 181 (char 180),and Headline Number is:,100,,,,,,,,,,,,,,,,,
"Tennis legend Leander Paes and Bollywood actress Kim Sharma are likely to opt for a court marriage this year. According to a Pinkvilla report, Kim and Leander's parents recently visited Mumbai and were involved in their marriage discussions at the former's Bandra residence. However, nothing has been confirmed officially.","['Leander Paes', 'Kim Sharma', 'Mumbai', 'Bandra', 'Pinkvilla']","['Person', 'Person', 'Location', 'Location', 'Organization']","['Tennis Player', 'Bollywood Actress', 'City', 'Suburb', 'News Website']","[[], [], [], [], []]","['Leander Paes', ""Kim Sharma's Parents"", ""Kim Sharma's Parents"", ""Kim Sharma's Parents"", 'Pinkvilla']","['Kim Sharma', 'Leander Paes', 'Mumbai', 'Bandra', 'Leander Paes']","['Partner', 'Discussions about Marriage', 'Visited', 'Visited', 'Reported']",,,,,,,,,,,,,,
"TV reality show 'Lock Upp' grand finale is set to premiere at 10:30 pm on Saturday. A total of six finalists will fight for the trophy and cash prize. Actor-model Prince Narula, a winner of several reality shows, is one of the finalists. Comedian Munawar Faruqui and actress Payal Rohatgi are too on the list of the finalists.","['TV reality show Lock Upp', 'Prince Narula', 'Munawar Faruqui', 'Payal Rohatgi']","['Entertainment', 'Person', 'Person', 'Person']","['Reality Show', 'Actor-Model', 'Comedian', 'Actress']","[['Grand Finale', 'Set to premiere at 10:30 pm on Saturday'], ['Winner of several reality shows'], [], []]","['TV reality show Lock Upp', 'TV reality show Lock Upp', 'TV reality show Lock Upp']","['Prince Narula', 'Munawar Faruqui', 'Payal Rohatgi']","['Finalist', 'Finalist', 'Finalist']",,,,,,,,,,,,,,
"Will Smith's first release since his infamous slap on Chris Rock at the 94th Oscars has been delayed to next year by Apple. Smith's next film, 'Emancipation', will now hit the screens in 2023, instead of a fall 2022 release. Multiple studios have delayed or canceled his upcoming projects after the incident, which earned him a 10-year ban from the Oscars.","['Will Smith', 'Chris Rock', '94th Oscars', 'Emancipation']","['Person', 'Person', 'Event', 'Entertainment']","['Actor', 'Comedian', 'Awards Ceremony', 'Movie']","[['10-year ban from Oscars'], [], [], ['Release Date 2023']]","['Will Smith', 'Will Smith', 'Apple']","['94th Oscars', 'Emancipation', 'Emancipation']","['Slapped Chris Rock', 'Starring', 'Release Delayed']",,,,,,,,,,,,,,
"Tik Tok star Faisal Shaikh (Mr Faisu) to participate as a contestant in the stunt-based reality TV show, 'Khatron Ke Khiladi Season 12.' ""From being a social media superstar to now participating in 'Khatron Ke Khiladi', the feeling itself is unfathomable,"" Faisal told IANS. ""I am ready for the thrill, action and adventure that awaits this season,"" he added.","['Faisal Shaikh', 'Khatron Ke Khiladi Season 12']","['Person', 'Entertainment']","['TikTok Star', 'Reality Show']","[[], []]",['Faisal Shaikh'],['Khatron Ke Khiladi Season 12'],['Participating'],,,,,,,,,,,,,,
"South superstar Mammootty and his wife Sulfath mark their 43rd wedding anniversary on Saturday (May 7). Mammootty's son, actor Dulquer Salmaan wished them a happy wedding anniversary on Instagram and penned a heartfelt note on the occasion. ""The greatest love story never told! Wishing these cuties the happiest wedding anniversary,"" Salmaan wrote.","['Mammootty', 'Sulfath', 'South Superstar', 'Dulquer Salmaan']","['Person', 'Person', 'Person', 'Person']","['Actor', 'Wife', 'Title', 'Actor']","[[], [], [], []]","['Dulquer Salmaan', 'Dulquer Salmaan', 'Dulquer Salmaan']","['Mammootty', 'Sulfath', 'Mammootty and Sulphat']","['Father', 'Mother', 'wished Happy Anniversary']",,,,,,,,,,,,,,
"South actress Nayanthara is set to tie the knot with her beau, actor Vignesh Shivan on June 9 in Tirupati, reports OTTplay. The wedding is said to be an intimate affair, the report further claimed. The couple recently visited Shirdi while celebrating the success of their film, 'Kaathuvaakula Rendu Kadhal'. Actor Vignesh also posted their photo on Instagram.","['Nayanthara', 'Vignesh Shivan', 'Tirupati', 'Shirdi', 'Kaathuvaakula Rendu Kadhal']","['Person', 'Person', 'Location', 'Location', 'Entertainment']","['Actress', 'Actor', 'City', 'Religious Place', 'Film']","[['set to marry Vignesh Shivan on June 9'], ['beau of Nayanthara', 'posted photo on instagram'], [], [], []]","['Nayanthara', 'Nayanthara', 'Nayanthara', 'Vignesh Shivan']","['Vignesh Shivan', 'Tirupati', 'Shirdi', 'Instagram']","['Beau', 'Getting married in', 'Recently visited', 'Posted photo on']",,,,,,,,,,,,,,
"TV actress Chhavi Mittal, who recently underwent breast cancer surgery, is recovering and has opted for physiotherapy. Mittal posted a video on Instagram in which the actress can be seen going through physiotherapy treatment as she is ""struggling"" to get her hand above her head after 12 days of surgery. ""Never back down,"" she wrote as the caption.",['Chhavi Mittal'],['Person'],['TV Actress'],"[['recently underwent breast cancer surgery', 'opted for physiotherapy', 'posted a video on instagram', ""writing 'never back down' as caption""]]",['Chhavi Mittal'],['Physiotherapy'],['Undergoing'],,,,,,,,,,,,,,
"Actress Kajal Aggarwal shared the first picture of her baby boy Neil Kitchlu on Instagram on the occasion of Mother's day. The picture showed her hugging him as he slept on her chest. Aggarwal also wrote a heartfelt note to her son, calling him her first everything. ‚ÄúDearest Neil, My first. I want you to know how precious you are,...,‚Äù she wrote.","['Kajal Aggarwal', 'Neil Kitchlu']","['Person', 'Person']","['Actress', 'Baby Boy']","[['first child', 'mother'], ['son of Kajal Aggarwal']]",['Kajal Aggarwal'],['Neil Kitchlu'],['Mother'],,,,,,,,,,,,,,
"Actor Disha Patani is all set to star in Nag Ashwin‚Äôs movie ‚ÄòProject K‚Äô alongside Prabhas, Deepika Padukone, and Amitabh Bachchan. Patani made the announcement on Instagram by sharing a pic of a gift hamper and special handwritten note from Project K's production house. The note read, ""Project K welcomes you! We are thrilled...‚Äù","['Disha Patani', 'Prabhas', 'Deepika Padukone', 'Amitabh Bachchan', 'Nag Ashwin', 'Project K']","['Person', 'Person', 'Person', 'Person', 'Person', 'Entertainment']","['Actress', 'Actor', 'Actress', 'Actor', 'Director', 'Movie']","[[], [], [], [], [], []]","['Disha Patani', 'Prabhas', 'Deepika Padukone', 'Amitabh Bachchan']","['Project K', 'Project K', 'Project K', 'Project K']","['Starring', 'Starring', 'Starring', 'Starring']",,,,,,,,,,,,,,
"Lock Upp' winner Munawar Faruqui who was arrested and spent time in a real lock-up, says it was comparatively easier for him. ""Well compared to the real lock-up, this was not even half per cent...no one knows the humiliation there,"" he said. He was arrested and jailed for a month in Bhopal on January 2, 2021 for a comedy show that he didn't even perform.","['Munawar Faruqui', 'Bhopal']","['Person', 'Location']","['Comedian', 'City']","[['Lock Upp winner', 'spent time in jail'], []]",['Munawar Faruqui'],['Bhopal'],['Jailed'],,,,,,,,,,,,,,
"Vicky Kaushal wished mom Veena Kaushal and mother-in-law Suzzane Turquotte on Mother's Day. He posted unseen photos from his wedding with Katrina Kaif on Instagram. The first two photos feature Vicky with mom Veena enjoying the wedding festivities. The third one has Vicky and Katrina bowing down to Suzzane for blessings. ""Mawa Thandiya Chawa,"" he wrote.","['Vicky Kaushal', 'Veena Kaushal', 'Suzzane Turquotte', 'Katrina Kaif']","['Person', 'Person', 'Person', 'Person']","['Actor', 'Mom', 'MIL', 'Actress']","[[], [], [], []]","['Vicky Kaushal', 'Vicky Kaushal', 'Vicky Kaushal']","['Veena Kaushal', 'Suzzane Turquotte', 'Katrina Kaif']","['son', 'father-in-law', 'husband']",,,,,,,,,,,,,,
"On the occasion of Mother‚Äôs day, actress Kareena Kapoor Khan shared a picture from her recent vacation with her two munchkins, Taimur and Jeh, whom she shares with husband Saif Ali Khan. The actress captioned the post, ‚ÄúThe length and breadth of my life. Happy Mother‚Äôs Day.‚Äù","['Kareena Kapoor Khan', 'Saif Ali Khan', 'Taimur', 'Jeh']","['Person', 'Person', 'Person', 'Person']","['Actress', 'Actor', 'Child', 'Child']","[['two children Taimur and Jeh'], [], [], []]","['Kareena Kapoor Khan', 'Kareena Kapoor Khan', 'Kareena Kapoor Khan']","['Taimur', 'Jeh', 'Saif Ali Khan']","['Mother', 'Mother', 'Wife']",,,,,,,,,,,,,,
"TV actress Mahhi Vij on Sunday sought the help of Mumbai police after she allegedly received rape threats from a man. Mahhi recorded the number plate of his car and posted its clip on Twitter. Sharing her experience, she wrote, ""This person banged my car, got abusive, and gave me rape threats."" Mumbai police responded to it asking her to lodge a complaint.","['Mahhi Vij', 'Man', 'Car', 'Twitter']","['Person', 'Person', 'Vehicle', 'Online Platform']","['TV Actress', 'Threatener', 'Automobile', 'Social Media']","[['received rape threats'], ['banged car', 'gave abuse', 'rape threat'], ['number plate'], []]","['Mahhi Vij', 'Man', 'Mahhi Vij', 'Mumbai Police']","['Man', 'Car', 'Twitter', 'Mahhi Vij']","['Received Threat From', 'Banged', 'Posted Clip On', 'Responded To Complaint']",,,,,,,,,,,,,,
"Born on May 8, 1974, Anurag Basu is known for directing films like 'Gangster', 'Life in a Metro', and 'Barfi'. He made his digital debut with 'Ludo' in 2020, amid the COVID-19 pandemic. Basu once revealed how he came up with the idea of 'Ludo' saying that he wanted to make it like 'Life in a Metro,' ""where various stories have a domino effect on each other.""","['Anurag Basu', 'Gangster', 'Life in a Metro', 'Barfi', 'Ludo', '2020']","['Person', 'Entertainment', 'Entertainment', 'Entertainment', 'Entertainment', 'Date']","['Director', 'Movie', 'Movie', 'Movie', 'Series/Show', 'Year']","[['Born on May 8, 1974', ""directed films like 'Gangster', 'Life in a Metro', and 'Barfi'"", ""made digital debut with 'Ludo' in 2020"", ""revealed idea of 'Ludo'""], [], [], [], [""made digital debut with 'Ludo' in 2020"", 'COVID-19 pandemic'], []]","['Anurag Basu', 'Anurag Basu', 'Anurag Basu', 'Anurag Basu', 'Anurag Basu']","['Gangster', 'Life in a Metro', 'Barfi', 'Ludo', '2020']","['Directed', 'Directed', 'Directed', 'Directed', 'debuted in']",,,,,,,,,,,,,,
"Born on May 8, 1953, Remo Fernandes is best known for singing songs like 'O Meri Munni' and 'Pyaar Toh Hona Hi Tha.' Remo once revealed how he views music as a choice of career, saying, ""I don't see music as a career choice to be changed as per the whims of success or failure."" He added, ""I would still make music without an audience.""",['Remo Fernandes'],['Person'],['Singer'],"[['Born on May 8, 1953', ""Songs like 'O Meri Munni' and 'Pyaar Toh Hona Hi Tha'"", 'Views music as a choice of career']]",[],[],[],,,,,,,,,,,,,,
"Sonam Kapoor and Anand Ahuja mark their sixth wedding anniversary on Sunday. The actress took to Instagram to share adorable pictures of the duo while celebrating their togetherness. ""You‚Äôve surpassed all expectations of what I dreamt and wished for. I thank the universe everyday...6 years down and eternity to go,"" wrote mom-to-be Sonam.","['Sonam Kapoor', 'Anand Ahuja']","['Person', 'Person']","['Actress', 'Businessman']","[['mom-to-be'], []]",['Sonam Kapoor'],['Anand Ahuja'],['Spouse'],,,,,,,,,,,,,,
"Raj Singh Chaudhary, the director of 'Thar' opened up about his experience of getting Anil Kapoor on board. ‚ÄúWhen I approached him with the script, he told me that he doesn‚Äôt know me as a director, so he made me shoot a few scenes with Harsh just to see my directorial capabilities,"" he said. Kapoor was impressed with Chaudhary and decided to take the role.","['Raj Singh Chaudhary', 'Anil Kapoor', 'Thar', 'Harsh']","['Person', 'Person', 'Entertainment', 'Person']","['Director', 'Actor', 'Movie', 'Actor']","[[], [], [], []]","['Raj Singh Chaudhary', 'Raj Singh Chaudhary', 'Anil Kapoor']","['Anil Kapoor', 'Harsh', 'Thar']","['Director-actor', 'Directed', 'Actor in']",,,,,,,,,,,,,,
"Actor Vijay's upcoming film 'Thalapathy 66' will hit the big screen on Pongal 2023, said sources close to the film. The movie which is produced as a Tamil-Telugu bilingual, marks Vijay's first collaboration with director Vamsi Paidipally. Earlier, the movie was expected to release by the end of 2022.","['Vijay', 'Thalapathy 66', 'Vamsi Paidipally']","['Person', 'Entertainment', 'Person']","['Actor', 'Movie', 'Director']","[['Upcoming film Thalapathy 66'], ['Release date Pongal 2023', 'Produced as Tamil-Telugu bilingual', 'First collaboration with director Vamsi Paidipally'], []]","['Vijay', 'Thalapathy 66']","['Thalapathy 66', 'Vamsi Paidipally']","['Starring', 'Directed by']",,,,,,,,,,,,,,
"A recent video of actor Shehnaaz Gill dancing with a peacock is going viral online. In the clip posted on #SidNaaz Instagram handle, the actress can be seen channeling her inner happiness as she opens her arms wide as the peacock spreads its feathers in a garden. ""She looks so so happy. Touchwood,"" a fan wrote.","['Shehnaaz Gill', '#SidNaaz', 'Peacock', 'Garden']","['Person', 'Entertainment', 'Wildlife', 'Location']","['Actress', 'Instagram Handle', 'Bird', 'Place']","[[], [], [], []]","['Shehnaaz Gill', '#SidNaaz', 'Fan']","['Peacock', 'Video', 'Comment']","['Dancing with', 'Posted on', 'Written']",,,,,,,,,,,,,,
"Bollywood star Aamir Khan's pictures with his beloved mother Zeenat Hussein, sister Nikhat Khan and brother-in-law Santosh Hegde surfaced online on Mother‚Äôs day (May 8). The actor can be seen sporting comfy casuals in the pictures. Khan will be next seen in 'Laal Singh Chaddha', which also stars Kareena Kapoor. The film is set to release on August 11.","['Aamir Khan', 'Zeenat Hussein', 'Nikhat Khan', 'Santosh Hegde', 'Kareena Kapoor', 'August 11']","['Person', 'Person', 'Person', 'Person', 'Person', 'Date']","['Actor', 'Mother', 'Sister', 'Brother-in-law', 'Actress', 'Release Date']","[['next seen in Laal Singh Chaddha', 'comfy casuals'], [], [], [], [], []]","['Aamir Khan', 'Aamir Khan', 'Aamir Khan', 'Aamir Khan', 'Aamir Khan']","['Zeenat Hussein', 'Nikhat Khan', 'Santosh Hegde', 'Kareena Kapoor', 'Laal Singh Chaddha']","['mother', 'sister', 'brother-in-law', 'co-actor', 'movie']",,,,,,,,,,,,,,
"Actress Sonakshi Sinha took to Instagram on Monday morning to share number of pictures of herself, in which she can be seen flashing a diamond ring on her ring finger. The 'Dabangg' actress left her fans in doubt by captioning the post - ""BIG day for me!!! One of my biggest dreams is coming truuuue... and I can't wait to share it with You.""","['Sonakshi Sinha', 'Instagram']","['Person', 'Online Platform']","['Actress', 'Social Media']","[['Dabangg actress', 'flashes diamond ring'], []]",['Sonakshi Sinha'],['Instagram'],['Posted Pictures'],,,,,,,,,,,,,,
"The Trailer of Akshay Kumar-Manushi Chhillar's upcoming historical drama Prithviraj is finally out. Apart from Kumar, the trailer also features Sonu Sood and Sanjay Dutt as part of Prithviraj‚Äôs counsel and Manushi Chhillar‚Äôs character Samyukta. Manav Vij will be seen playing Muhammad of Ghori. The movie will hit the theatres on June 3.","['Akshay Kumar', 'Manushi Chhillar', 'Prithviraj', 'Samyukta', 'Sonu Sood', 'Sanjay Dutt', 'Manav Vij', 'Muhammad of Ghori']","['Person', 'Person', 'Entertainment', 'Character', 'Person', 'Person', 'Person', 'Historical Figure']","['Actor', 'Miss World', 'Movie', 'Fictional Character', 'Actor', 'Actor', 'Actor', 'Antagonist']","[[], [], ['release date June 3'], [], [], [], [], []]","['Akshay Kumar', 'Manushi Chhillar', 'Sonu Sood', 'Sanjay Dutt', 'Manav Vij', 'Manushi Chhillar']","['Prithviraj', 'Prithviraj', 'Prithviraj', 'Prithviraj', 'Prithviraj', 'Samyukta']","['Actor in', 'Actress in', 'Actor in', 'Actor in', 'Actor in', 'Character played by']",,,,,,,,,,,,,,
"Katrina Kaif keeps sharing a sneak peek of her married life with hubby Vicky Kaushal on Instagram ever since they got hitched in December 2021. The actor duo, who recently visited New York City, were seen having pancakes and whipped cream. Katrina posted a few photos from the outing and wrote, ""The Home of everything, my favourite place ever Bubby‚Äôs.""","['Katrina Kaif', 'Vicky Kaushal', 'New York City', ""Bubby's""]","['Person', 'Person', 'Location', 'Location']","['Actress', 'Actor', 'City', 'Restaurant']","[[], [], [], []]","['Katrina Kaif', 'Katrina Kaif', 'Katrina Kaif']","['Vicky Kaushal', 'New York City', ""Bubby's""]","['Husband and wife', 'Recently visited', 'Outing']",,,,,,,,,,,,,,
"Vijay Deverakonda, who turns 33 on May 9, is a Telugu actor who hails from a cinema background. Despite the fact that he made his debut in the 2011 romance comedy 'Nuvvilla,' his reputation soared after 'Arjun Reddy.' 'The Rowdy Club' is the actor's own online fashion label. As an assignment, he directed the short film Madam Meerena in under five hours.",['Vijay Deverakonda'],['Person'],['Actor'],"[['turns 33 on May 9', ""debut in 2011 romance comedy 'Nuvvilla'"", ""reputation soared after 'Arjun Reddy'"", ""own online fashion label 'The Rowdy Club'"", 'directed the short film Madam Meerena in under five hours']]","['Vijay Deverakonda', 'Vijay Deverakonda', 'Vijay Deverakonda', 'Vijay Deverakonda', 'Vijay Deverakonda', 'Vijay Deverakonda', 'Vijay Deverakonda']","['May 9', 'Telugu', 'Cinema Background', 'Nuvvilla', 'Arjun Reddy', 'The Rowdy Club', 'Madam Meerena']","['Birthday', 'Language', 'From', 'Debut Movie', 'Reputation boosted by', 'Owner', 'Director']",,,,,,,,,,,,,,
"Sai Pallavi has acted in Tamil, Malayalam, and Telugu films, demonstrating her versatility as an actress. Sai, who turns 30 on May 9, made her debut in 2015 Malayalam film 'Premam'. The actress has an MBBS degree. She made headlines when she refused a ‚Çπ2 crore-deal to endorse a fairness cream. Athiran, Fidaa, Kali, Maari 2, are few films among her credits.","['Sai Pallavi', 'Premam', 'Athiran', 'Fidaa', 'Kali', 'Maari 2']","['Person', 'Entertainment', 'Entertainment', 'Entertainment', 'Entertainment', 'Entertainment']","['Actress', 'Film', 'Film', 'Film', 'Film', 'Film']","[['Turns 30 on May 9', 'MBBS Degree', 'Refused 2 Crore deal for endorsing Fairness Cream'], [], [], [], [], []]","['Sai Pallavi', 'Sai Pallavi', 'Sai Pallavi', 'Sai Pallavi', 'Sai Pallavi']","['Premam', 'Athiran', 'Fidaa', 'Kali', 'Maari 2']","['Debut Film', 'Worked In', 'Worked In', 'Worked In', 'Worked In']",,,,,,,,,,,,,,
"Little Richard, with his piercing howl, thumping piano, and towering pompadour, was one of the founding fathers of rock 'n' roll. Tutti Frutti, a 1955 song with the line ""awopbopaloobop alopbamboom,"" and a series of follow-up albums helped create the genre and influence a generation. He was also honoured with a Rock & Roll Hall of Fame induction.","['Little Richard', 'Tutti Frutti', 'rock n roll']","['Person', 'Entertainment', 'Entertainment']","['Musician', 'Song', 'Genre']","[['Founding father of rock n roll', 'Rock & Roll Hall of Fame Inductee'], ['1955 Song', 'Line awopbopaloobop alopbamboom'], ['Created by little richard']]","['Little Richard', 'Little Richard']","['rock n roll', 'Tutti Frutti']","['Creator', 'Composer']",,,,,,,,,,,,,,
"Krushna Abhishek says media ""cut-pastes"" his statements when he speaks about his feud with uncle Govinda. Krushna got emotional while speaking about the bond with his 'mama'. ""I miss you and love you a lot. Please do not pay heed to what you read in the newspaper or what you hear in social media. I want my babies to play with my mama,"" he said in a podcast.","['Krushna Abhishek', 'Govinda', 'Newspaper', 'Social Media']","['Person', 'Person', 'Media', 'Media']","['Comedian', 'Actor', 'News Source', 'News Source']","[['feud with uncle Govinda', 'misses and loves his mama'], ['uncle of Krushna Abhishek'], [], []]","['Krushna Abhishek', 'Krushna Abhishek', 'Krushna Abhishek']","['Govinda', 'Newspaper', 'Social Media']","['Uncle', 'Statements cut pasted by', 'Statements cut pasted by']",,,,,,,,,,,,,,
"The Delhi High Court on Monday said that pre-natal sex determination can't be trivialised while hearing a plea against a scene from the trailer of 'Jayeshbhai Jordaar' film which features ultrasound technology for gender selection. ""What is coming out is, any pregnant woman can be routinely taken to the centre with sonography machine,"" the court said.","['Delhi High Court', 'Jayeshbhai Jordaar', 'Ultrasound Technology']","['Organization', 'Entertainment', 'Technology']","['Legal Entity', 'Movie', 'Medical Equipment']","[[], [], []]","['Delhi High Court', 'Delhi High Court']","['Jayeshbhai Jordaar', 'Ultrasound Technology']","['Hearing case against', 'Discussing use in movie']",,,,,,,,,,,,,,
